race_id,rule_id,fired,followed,capture,outcome,notes
2026_hakodate_kinen,R02,1,0,的中,違反して失敗,②を名指し後に無印へ。1着で最大の失点
2026_hakodate_kinen,R03,1,0,的中,違反して失敗,手術明け不確実性の⑫を◎頭固定
2026_hakodate_kinen,R04,1,0,方向なし,違反して失敗,単騎逃げ③がいたのにスロー前残りを並列で持たず
2026_hakodate_kinen,R10,1,1,的中,効いた,58kg4頭は全て馬券圏外
2026_hakodate_kinen,R09,1,1,空振り,効いた,1人気⑭の頭固定回避が正解（13着）
2026_radio_nikkei,R05,1,0,的中,違反して失敗,サノノの時計型シグナルを統計3不利で降格→頭を逃す
2026_radio_nikkei,R06,1,0,的中,違反して失敗,軸が◎リッツ→ディール→リッツと3度揺れた
2026_sakitama_hai,R07,1,0,的中,違反して失敗,⑥の前走同コース同距離勝ちを確認せず消し→3着
2026_kitakyushu_kinen,R03,1,1,的中,効いた,◎⑨の頭固定を弱めた。決着12-2-9で◎は3着＝頭で買わなかった判断は正解
2026_kitakyushu_kinen,R07,1,1,的中,効いた,✕⑧アメリカンビキニの消しを瞬発スロー逃げ依存等3根拠で確認。大差最下位13着
2026_kitakyushu_kinen,R08,1,1,方向なし,効いた,道悪前残りをBとしてロック。通過順（4角2番手以内が1-2着）で裏付け
2026_kitakyushu_kinen,R09,1,1,的中,効いた,○⑫R1.6で頭固定回避。1着だが頭1点固定せず両置きにした運用は正
2026_kitakyushu_kinen,R11,1,1,的中,効いた,◎⑨-10kg減の単独根拠で格下げせず据置→3着。△⑤は独立2根拠で降格
2026_kitakyushu_kinen,R12,1,1,的中,効いた,三連単の頭に◎⑨○⑫を両置き。○が1着で頭は的中
2026_kitakyushu_kinen,R15,1,1,方向なし,効いた,☆は②⑬の2頭で総数維持。☆②が2着で高配当源
2026_kitakyushu_kinen,R16,1,1,方向なし,効いた,三連複10点・三連単F28点を頭ごと展開で検算し予算内を確認
2026_kitakyushu_kinen,R18,1,1,方向なし,効いた,ゲート各行に馬名・数値入り根拠を付与
2026_kitakyushu_kinen,R20,1,0,的中,違反して失敗,▲⑪ヤマニン（差し馬）を道悪前残り本線なのに体重逆転の数値だけで昇格→4角最後方9着。展開一貫性違反
2026_kitakyushu_kinen,R21,1,0,的中,違反して失敗,◎⑨の頭固定を弱めたが三連単3着グループに⑨を未設定。決着12-2-9で◎3着41430円を取り逃し
2026_tanabata_sho,R01,1,1,空振り,中立,馬場確定でも◎4を維持。結果7着だが単一データ点で覆さない原則自体は妥当
2026_tanabata_sho,R07,1,1,的中,効いた,✕7メリオーレムは福島芝2000実績なし等3根拠を確認のうえ消し→16着大差。R09により複勝圏除外はしない運用も遵守
2026_tanabata_sho,R08,1,1,方向なし,効いた,パターンA(前残り)をロック→実際に前残り決着。展開読みは成功
2026_tanabata_sho,R11,1,1,空振り,中立,保全した10は4着・2は9着で3着内に来ておらず結果に影響なし
2026_tanabata_sho,R12,1,1,空振り,中立,頭に4・16を両置きしたが両方圏外。頭の両置きだけでは1人気の軸依存を解消できないことが判明(R23起点)
2026_tanabata_sho,R14,1,1,方向なし,効いた,☆入替(10・2→3・9)で9オニャンコポンが3着。独立2根拠での入替判断は正解
2026_tanabata_sho,R15,1,1,方向なし,中立,☆2頭のうち9が3着・3が14着
2026_tanabata_sho,R16,1,1,方向なし,中立,点数検算どおり(三連複15/三連単30/ワイド5)
2026_tanabata_sho,R17,1,1,方向なし,中立,検証対象はorigin_race以後のみ。循環検証なし
2026_tanabata_sho,R18,1,1,方向なし,中立,全行に馬名・数値入り根拠を記載
2026_tanabata_sho,R19,1,1,方向なし,効いた,暫定ルールを台帳どおり適用。振り返りでも既存ルールの変更をせず追加と仮説登録に限定
2026_tanabata_sho,R20,1,1,空振り,中立,除外した1は5着で3着内に来ておらず「従わなければ取れていた」の裏取り不可
2026_tanabata_sho,R21,1,1,空振り,中立,4を三連単の2・3着群に包含したが4が7着で無効
2026_tanabata_sho,R22,1,1,方向なし,効いた,全16頭で検算通過。数値不整合ゼロ
2026_hakodate_nisai_s,R01,0,,,,軸の移動なし。工程6の再実行は馬場確定という新規データによるもので単一データ点での翻意ではない
2026_hakodate_nisai_s,R02,1,1,空振り,中立,名指しした妙味馬7ショウナンカノア(妙味5.0)を三連複2種・三連単2着3着・ワイド軸の全券種で採用。※実購入は三連複2本のみで三連単・ワイドは未購入。7は6着で結果に影響せず
2026_hakodate_nisai_s,R03,0,,,,◎12の根拠は稍重函館芝1200実走勝ち+中団差し+460kg+8枠の複数。単一の不確実性への依存なし
2026_hakodate_nisai_s,R04,0,,,,ペーススコア20で中立(4-6)ではない。かつ想定馬場は重で良ではなく単騎逃げ候補も不在
2026_hakodate_nisai_s,R05,0,,,,馬場確定=重のため高速馬場条件に非該当
2026_hakodate_nisai_s,R06,1,1,空振り,中立,軸12は前日評価→枠補正撤回→重確定の再評価→R値確定の4段階すべてで不動
2026_hakodate_nisai_s,R07,1,1,的中,効いた,✕6ウンスイの好走条件(門別ダ1000新馬勝ち1:00.7)を確認したうえで構造フィルタで消し13着。誤り防止に寄与
2026_hakodate_nisai_s,R08,1,1,方向なし,中立,ペースシナリオを買い目前にロック。実測は前傾2.0秒でペース判定自体は的中したが「前傾=前崩れ」の含意が道悪で外れた。ロックの有無は結果を左右せず
2026_hakodate_nisai_s,R09,0,,,,全13頭でR値を算出しR<1.5は0頭(最小は11シグレの1.74)。頭固定回避サインは不点灯
2026_hakodate_nisai_s,R10,0,,,,2歳馬齢戦で全馬55.0kg。斤量の構造フィルタは非該当
2026_hakodate_nisai_s,R11,1,1,的中,効いた,9イモージェンの▲→△格下げ時に独立根拠2つを揃えて紐に保全し9が2着。保全がなければV3の反実仮想も成立しない
2026_hakodate_nisai_s,R12,1,1,空振り,中立,三連単の頭を12と13の両置き。頭1点固定なし
2026_hakodate_nisai_s,R13,0,,,,G3のため非適用(G1限定)
2026_hakodate_nisai_s,R14,0,,,,予想確定後の個別馬照会なし
2026_hakodate_nisai_s,R15,1,1,方向なし,中立,◎12○13▲4△9✕6の各1頭+☆7の1頭。☆は最大2の範囲内
2026_hakodate_nisai_s,R16,1,1,方向なし,中立,4券種すべてを検算=三連複6点・三連複6点・三連単38点(頭別19+19の展開列挙)・ワイド4点。重複除外を確認し合計9800円。※この検算は計画時の4券種9800円ベース。実購入は三連複2本×100円=1200円で券種構成が欠落しており予算比の照合は未実施(R28が禁じる方向だがR17により検証対象外)
2026_hakodate_nisai_s,R17,0,,,,ルール有効性の検証は集計フェーズの対象
2026_hakodate_nisai_s,R18,1,1,方向なし,中立,ゲート①②の全行に馬名・数値入りの根拠を付与
2026_hakodate_nisai_s,R19,1,1,方向なし,中立,妙味閾値5を維持し☆を1頭に留めた。閾値を4に緩めれば1着5(妙味4.0)がプールに入ったが実配当で裏取りした結果実購入の三連複2本はいずれも軸が12・13固定のため1点も的中しない。よって逆効果ではなく中立
2026_hakodate_nisai_s,R20,1,1,空振り,中立,前崩れ本線に合わせ差し・好位差しを上位に置いた。◎12は4角6-8番手の好位を取れており脚質整合の問題ではなく上がり性能の問題(同位置の2は上がり35.6で3着・12は36.4で10着)
2026_hakodate_nisai_s,R21,0,,,,R03未発火のため対象外
2026_hakodate_nisai_s,R22,1,1,方向なし,中立,全13頭でbase×合成係数+加算層=最終点を独立再計算し不一致0件。additive_totalはr_adjを含む総和で記録
2026_hakodate_nisai_s,R23,1,1,空振り,中立,1頭依存は回避したが◎○の2頭依存となり実購入2券種が12か13を必須とした。ただし実配当で検証した結果◎○を含まない代替構造(ワイドBOX15点1500円)も回収960円で-540円の赤字であり本ルールの穴が損失の主因ではない
2026_hakodate_nisai_s,R24,1,1,空振り,中立,妙味閾値到達の7を三連複2種の相手・三連単の2着と3着・ワイド軸の全券種で統一。券種間の紐不統一なし。※統一は計画段階のもの。実購入で三連単・ワイドが落ちたため券種横断統一の実効性は未検証
2026_hakodate_nisai_s,R25,1,1,空振り,中立,2歳戦のためR26により全13頭の全キャリアを確認。近5走スキャンの要件は充足
2026_hakodate_nisai_s,R26,1,1,空振り,効いた,芝未経験の10ノリヤンモーニンを減点せず中立×1.00としたため紐に残せて4着。✕6の構造フィルタ消しも13着で正解
2026_kokura_kinen,R15,1,1,方向なし,効いた,☆2頭のうち妙味最上位の①ゼンダンハヤブサが1着
2026_kokura_kinen,R24,1,1,的中,中立,実購入3券種(三連複軸1・軸2・三連単F)すべてに妙味到達馬①⑯⑤⑱を含め統一。当初の違反記録は未購入のワイドを前提とした誤記録で訂正
2026_kokura_kinen,R23,1,1,空振り,中立,三連複を⑨軸と⑰⑥軸に分散も両軸が圏外。従わなくても的中せず
2026_kokura_kinen,R11,1,1,空振り,中立,◎⑨据え置きで6着。▲⑥に変更しても4着で的中せず
2026_kokura_kinen,R14,1,1,方向なし,中立,印据え置きは結果を左右せず
2026_kokura_kinen,R07,1,1,方向なし,中立,⑤エヒトは競走中止
2026_kokura_kinen,R03,1,1,的中,中立,○⑰は2着。頭固定回避の是非は結果に影響せず
2026_kokura_kinen,R04,1,1,方向なし,中立,ペース中立判定は的中も逃げ馬特定を外した
2026_kokura_kinen,R08,1,1,方向なし,中立,シナリオロックは結果を左右せず
2026_kokura_kinen,R09,1,1,方向なし,中立,R<1.5該当0頭
2026_kokura_kinen,R12,1,1,空振り,中立,◎⑨が6着で頭両置きは作用せず
2026_kokura_kinen,R16,1,1,方向なし,中立,点数検算は正確(38点=19+19)
2026_kokura_kinen,R18,1,1,方向なし,中立,根拠1行は付与。R24違反は未購入券を前提とした誤認で実購入ベースでは違反なし
2026_kokura_kinen,R19,1,1,方向なし,中立,ルール変更なし
2026_kokura_kinen,R20,1,1,空振り,中立,展開と印脚質の整合は結果を左右せず
2026_kokura_kinen,R21,1,1,空振り,中立,◎⑨が6着のため作用せず
2026_kokura_kinen,R22,1,1,方向なし,中立,検算一致。結果に影響せず
2026_kokura_kinen,R25,1,1,空振り,中立,⑧サフィラは11着
2026_kokura_kinen,R13,0,,,中立,G3で対象外
2026_kokura_kinen,R01,0,,,,◎⑨据え置きで軸移動なし。単一データ点での翻意なし
2026_kokura_kinen,R02,1,1,的中,中立,名指しの妙味最上位☆①・☆⑯を格下げせず紐(三連複相手・三連単3着)に保全。①は1着も軸化せず三連複が軸総崩れのため保全は結果に直接寄与せず
2026_kokura_kinen,R05,0,,,,想定・実とも良馬場。高速馬場の特別条件に非該当
2026_kokura_kinen,R06,1,1,空振り,中立,◎⑨は予想確定まで段階的翻意なし。軸不動
2026_kokura_kinen,R10,1,1,方向なし,中立,ハンデ戦で斤量を構造フィルタ確認も函館記念型(58kg以上0-0-0)の明確な消し帯は非検出。※predictions.csvに斤量列がなく斤量帯別検証は未実施=データ粒度の穴(V4.5 L2データ面)
2026_kokura_kinen,R17,0,,,,ルール有効性の検証は集計フェーズの対象。振り返り単体では非発火
2026_kokura_kinen,R26,0,,,,古馬戦につき2歳戦ルールは非該当
2026_sekiya_kinen,R03,1,1,的中,中立,◎7は5着で3着内に来ておらず結果に影響なし
2026_sekiya_kinen,R07,1,1,的中,効いた,✕4マテンロウスカイは6着で3着内に入らず。消し判断が維持された
2026_sekiya_kinen,R08,1,1,方向なし,中立,シナリオロックと差し戻しは的中可否に影響せず
2026_sekiya_kinen,R09,1,1,方向なし,中立,R<1.5が0頭で頭固定の制約は発生せず
2026_sekiya_kinen,R11,1,1,空振り,中立,3着紐で保全した8は11着
2026_sekiya_kinen,R12,1,1,空振り,中立,1着3は◎○のいずれでもなく、当時の配分表に的中しうる代替構造がないため逆効果認定はしない
2026_sekiya_kinen,R13,0,,,中立,G3で対象外
2026_sekiya_kinen,R15,1,1,方向なし,中立,印の頭数制約は結果に影響せず
2026_sekiya_kinen,R16,1,1,方向なし,中立,点数検算は正確で予算内。構造そのものの誤りは軸選定側
2026_sekiya_kinen,R18,1,1,方向なし,中立,根拠記載の形式要件
2026_sekiya_kinen,R19,1,1,方向なし,中立,ルール緩和なし
2026_sekiya_kinen,R20,1,1,空振り,中立,印の脚質と本線は整合していたが、逃げ馬の特定自体を誤ったため機能せず
2026_sekiya_kinen,R22,1,1,方向なし,中立,検算不一致0件。点数計算は正しく、誤りは軸選定と脚質分類側
2026_sekiya_kinen,R23,1,1,方向なし,中立,中帯域のため非対象。ただし実態として三連複が◎単一軸依存で捕捉3/3を的中に変換できなかった。仮説12の追加事例・R31の起点
2026_sekiya_kinen,R24,1,1,的中,効いた,☆10を両券種の紐に統一。2着を捕捉できた
2026_sekiya_kinen,R25,1,1,的中,効いた,中位人気の5走精査で8番人気の10クランフォードを☆に拾えた
2026_sekiya_kinen,R28,1,1,空振り,中立,券種構成の維持は守った。BOXは配分表の指定外でV3の正当化可能候補にならず、逆効果認定の裏取りは成立しない
2026_sekiya_kinen,R29,1,1,方向なし,中立,4角1番手が2着・3番手が3着で前は残ったが、1着は4角11番手の上がり最速。的中可否には影響せず
2026_sekiya_kinen,R30,1,1,方向なし,効いた,8の三連複追加を撤回。8は11着で、追加していれば100円の追加損失だった
2026_queen_s,R01,1,1,的中,効いた,軸7ココナッツブラウン(final 89.0)を単一データ点で動かしていない as_of=良 ／ 軸7ココナッツブラウンを最後まで動かさず1着。三連複の軸として的中に直結
2026_queen_s,R03,0,1,,中立,◎7の根拠は洋芝2-3-0-0・当該コース2着・重賞6戦掲示板外なしの複数根拠。単一不確実性依存なし as_of=良 ／ ◎7が1着で頭固定回避の判断は結果に影響せず
2026_queen_s,R04,0,1,,中立,ペーススコア8で中立域(4-6)外につき条文上は非発火。ただし良馬場×単騎逃げ該当のため前残りシナリオBを並列保持 as_of=良 ／ 非発火
2026_queen_s,R07,1,1,的中,中立,消し候補の好走条件を確認済。10はサートゥルナーリア産駒の今開催札幌芝2-1-1-1を確認し☆採用、1はハーツクライ産駒0-0-0-9、8は洋芝好走なしを確認 as_of=良 ／ 消し・格下げ対象の8エラトー13着・1フレミングフープ12着・10フェスティバルヒル14着で全て3着圏外。判断が結果を左右せず
2026_queen_s,R08,1,1,方向なし,効いた,ペーススコア8→パターンA(前崩れ)本線・B(単騎前残り)対抗でロック。#更新2回とも解除せず as_of=良 ／ ペースシナリオを#更新2回とも解除せず印・買い目を維持。実ペースは平均で宣言と不一致だったが買い目を組み替えなかったため三連複が残り的中
2026_queen_s,R09,0,1,,中立,確定オッズでR値算出。最小は9エリカエクスプレスの1.72でR<1.5該当なし。頭固定回避の発動対象なし as_of=良(確定) ／ R<1.5該当なしで発動対象なし
2026_queen_s,R11,1,1,的中,効いた,11コガネノソラを追込移行の単独根拠で0.85へ下げず1.00で止めた。2ケリフレッドアスクの57.0kg[0-0-0-5]と前走斤量2.0kg増[0-0-0-9]は同一事実の別表現で独立根拠2つ不成立につき格下げせず。14ヴーレヴーの良馬場×重での勝ちも単独根拠につき1.20維持 as_of=良(確定) ／ 格下げを回避した11コガネノソラが2着・14ヴーレヴーが3着。三連複の相手6頭にこの2頭が居たことが的中の直接要因
2026_queen_s,R12,1,1,的中,中立,三連単の頭に7と9を両置き。9のR1.72は頭固定慎重帯だが元から1点固定なし as_of=良(確定) ／ 頭に7と9を両置きしたが三連単は2着列の欠落で不的中。頭1点固定でも結果は同じ
2026_queen_s,R13,0,1,,中立,G3のため不適用 as_of=良(確定) ／ G3のため不適用
2026_queen_s,R14,0,1,,中立,予想確定後の個別馬照会は未発生 as_of=良 ／ 照会発生せず
2026_queen_s,R15,1,1,方向なし,中立,妙味閾値5到達が2頭→6頭(10/12/4/1/6)に増加したが☆は上位2頭(10=7.4・12=6.4)に固定。4・1・6は枠外で総数を増やさず as_of=良(確定) ／ ☆枠外とした4リラボニート7着・1フレミングフープ12着・6クリノメイ11着で全て3着圏外
2026_queen_s,R16,1,1,方向なし,中立,三連複15点・三連単F12点を列挙検算し合計2700円=予算3000円内を照合。#更新後も点数変更なし as_of=良(確定) ／ 点数検算に誤りなく結果への寄与なし
2026_queen_s,R18,1,1,方向なし,中立,全発火行に馬名・数値入り根拠を記載 as_of=良 ／ 記載要件の充足のみ
2026_queen_s,R19,1,1,方向なし,中立,暫定ルール(R12/R20/R22/R24/R25/R28/R31)を台帳statusどおり適用。#更新2回を通じて緩和なし as_of=良 ／ 緩和の誘因が生じず結果を左右せず
2026_queen_s,R20,1,1,空振り,中立,前崩れ本線に対し逃げ馬9を○に置く。独立根拠2つ=(1)単独ハナ成功率0.60で単騎宣言可(2)対抗パターンBを明示並列保持 as_of=良 ／ 前崩れ本線に対し○に置いた逃げ馬9エリカエクスプレスは4着。三連複は7軸で的中したため損失は生じていない
2026_queen_s,R22,1,1,方向なし,中立,全14頭でbase×合成係数+加算=finalを数値列完備で出力。#更新後に再計算し全頭検算通過 as_of=良(確定) ／ 検算不一致なしで結果への寄与なし
2026_queen_s,R24,1,1,空振り,中立,妙味閾値到達の10(7.4)と12(6.4)を三連複相手・三連単3着の両券種で統一。10は地力最下位化後も除外せず as_of=良(確定) ／ 統一した妙味到達馬10(14着)・12(10着)はいずれも3着圏外
2026_queen_s,R25,1,1,的中,効いた,1年内重賞好走ありでベース70未満の4頭(5/13/14/10)に5走精査と根拠2走を付与。13はねじれ+4で73.5へ上昇し6位 as_of=良(確定) ／ ベース70未満の5走精査対象だった14ヴーレヴー(final 77.2)が3着。精査がなければ紐から落ちていた
2026_queen_s,R28,1,1,的中,効いた,中帯域指定の三連複+三連単Fを両方維持。券種構成・予算比56:44とも変更なし as_of=良(確定) ／ 中帯域指定の三連複を予算縮小で落とさず維持。的中したのはこの三連複のみ
2026_queen_s,R29,0,1,,中立,馬場確定=良につき重・不良でなく対象外 as_of=良(確定) ／ 馬場良で対象外
2026_queen_s,R30,0,1,,中立,天候晴・降水確率10%・降水量0mmで降水継続なし。確定馬場として扱える as_of=良(確定) ／ 降水なしで対象外
2026_queen_s,R31,1,1,的中,効いた,軸候補を最終点上位3頭で比較し7を選定。#更新後も7は1位を維持。軸抜けは三連単の頭9で拾える as_of=良(確定) ／ 軸候補を最終点上位3頭で比較して選んだ7が1着
2026_ibis_sd,R08,1,1,方向なし,中立,馬場は主シナリオ(良70%)どおりで読みは不変。展開2パターンを再構成せず買い目も据え置き as_of=良
2026_ibis_sd,R09,0,1,,中立,6ピューロマジック R=1.35→1.71となりR<1.5の発火条件を外れた。押さえ=△と3着紐の扱いは維持(頭固定の可否は買い目変更のため再評価範囲外) as_of=良
2026_ibis_sd,R11,1,1,空振り,中立,13テイエムスパーダ(final80.2)と17ビッグシーザー(final73.0)の格下げ根拠は前走11着以下の1事実由来。独立2根拠に満たないため連対から外すのみで3着紐に保全 as_of=良
2026_ibis_sd,R12,1,1,空振り,中立,三連単Fの頭に16と10を両置き。頭1点固定なし as_of=良
2026_ibis_sd,R15,1,1,方向なし,中立,印は◎○▲△x各1頭・☆2頭(13/12)。確定オッズで妙味到達は15(6.0)/7(5.0)/14(5.0)に移ったが☆入替は再評価範囲外のため据え置き as_of=良
2026_ibis_sd,R16,1,1,方向なし,中立,三連複6×5÷2=15点×100=1500円/三連単F頭16:7点+頭10:7点=14点×100=1400円/合計2900円<=3000円 as_of=良
2026_ibis_sd,R17,1,1,方向なし,中立,検証対象はorigin_race以後のみ。本レースを生成元ルールの検証サンプルに数えない as_of=良
2026_ibis_sd,R18,1,1,方向なし,中立,全発火行に馬名・数値入り根拠を記載 as_of=良
2026_ibis_sd,R19,1,1,方向なし,中立,脚質認定ファイルの千直判定式改訂案はセッション中に適用せず現行v1で運用。☆入替の要否も範囲外として保留 as_of=良
2026_ibis_sd,R20,1,1,的中,中立,前崩れ本線に対し◎16は外ラチ好位差し・○10は前走千直でハナ実績。純追込の3を上位に置いていない as_of=良
2026_ibis_sd,R22,1,1,方向なし,中立,全17頭で数値列完備。base×合成係数+加算層=finalを全頭で一致 as_of=良
2026_ibis_sd,R24,1,1,空振り,中立,券種間の紐リストは統一済み。確定オッズでの妙味順位変動は範囲外のため紐構成を変更していない as_of=良
2026_ibis_sd,R28,1,1,空振り,中立,中帯域指定の2券種(三連複軸1頭+三連単F)を維持。堅実穴=1500:1400=51.7:48.3で50:50に整合 as_of=良
2026_ibis_sd,R30,1,1,方向なし,中立,予測時は良70%稍重25%の確率宣言で運用し、発走前の実測(良・クッション9.8・含水率12.2/11.3)で確定。朝の値を確定馬場として先取りしていない as_of=良
2026_ibis_sd,R31,1,1,空振り,中立,軸16抜けで三連複は全滅するため(1)最終点上位3頭16/13/9を比較し16を軸に選定、(2)三連単の頭に10を併置し軸抜けの目を残置 as_of=良
2026_ibis_sd,R01,0,1,,中立,単一データ点による軸の変更なし as_of=良
2026_ibis_sd,R03,0,1,,中立,◎16の根拠は韋駄天S2着+8枠+前走3着帯の複数独立要素。単一不確実性への依存なし as_of=良
2026_ibis_sd,R04,0,1,,中立,ペーススコア12で中立域(4-6)に非該当。単騎逃げも不成立(逃げ認定2頭) as_of=良
2026_ibis_sd,R10,0,1,,中立,函館記念限定ルール。本レース対象外 as_of=良
2026_ibis_sd,R13,0,1,,中立,G1限定。本レースはG3のため非適用 as_of=良
2026_ibis_sd,R14,0,1,,中立,予想確定後の個別馬照会なし。印の変更は第8項の区分定義との不整合の是正のみ as_of=良
2026_ibis_sd,R21,0,1,,中立,R03が非発火のため連動せず as_of=良
2026_ibis_sd,R23,0,1,,中立,中帯域につき荒帯域限定の分散義務は非適用。R31で軸依存を別途担保 as_of=良
2026_ibis_sd,R25,0,1,,中立,base70未満で1年内に重賞4着以内またはOP・L勝ちを持つ馬なし as_of=良
2026_ibis_sd,R26,0,1,,中立,2歳戦ではない as_of=良
2026_ibis_sd,R29,0,1,,中立,良で確定。重・不良を本線としないため非適用 as_of=良
2026_cbc_sho,R01,0,,,中立,軸の変更なし。◎③レイピアは工程6確定から全更新を通じて不変 as_of=良(確定)
2026_cbc_sho,R03,1,1,的中,中立,◎③の根拠は重賞連続好走+中京芝1200実績+上がり33秒台前半常連の3系統で単一不確実性依存ではない。ただし57.5kgの構造フィルタにより頭固定は回避 as_of=良(確定)
2026_cbc_sho,R04,0,,,中立,ペーススコア13で中立域(4〜6)外。逃げ認定5頭のため単騎逃げ判定は不成立 as_of=良(確定)
2026_cbc_sho,R08,1,1,方向なし,中立,工程4でpace_flag_pre=前崩れをロック。#更新3回を通じてシナリオ変更0件 as_of=良(確定)
2026_cbc_sho,R09,1,1,方向なし,中立,全18頭のR値を算出。最小R=1.96(⑫インビンシブルパパ)でR<1.5は該当なし。⑫は1.5≦R<2.0帯でねじれ-2、頭固定は工程11で既に回避済み as_of=良(確定)
2026_cbc_sho,R10,0,,,中立,函館記念でないため対象外 as_of=良(確定)
2026_cbc_sho,R11,1,1,空振り,中立,R11は格下げ時に独立根拠2つを求める規定。△⑫は84.0→76.0(3位→8位)・○⑰は80.3→77.3(6位→7位)と最終点が低下したが、低下要因はねじれ補正と馬体重補正という独立2要素の機械適用であり要件を満たす。かつ印そのものは据え置き(格下げを実行していない)で、⑫⑰とも全4券種の買い目に在籍し3着紐は保全されている as_of=良(確定)
2026_cbc_sho,R12,1,1,空振り,中立,"三連単Fの1着列を{③レイピア(◎),⑰タマモイカロス(○)}の2頭に設定 as_of=良(確定)"
2026_cbc_sho,R13,0,,,中立,G3のためG1限定ルールは非適用。夏ローカルハンデG3への拡張はしない(⑱の再確認どおり) as_of=良(確定)
2026_cbc_sho,R14,0,,,中立,予想確定後の個別馬照会なし as_of=良(確定)
2026_cbc_sho,R15,1,1,方向なし,中立,◎○▲△✕各1頭+☆2頭(⑩⑥)の計7頭。#更新3回を通じて総数・構成とも不変 as_of=良(確定)
2026_cbc_sho,R16,1,1,方向なし,中立,7点+2点+10点+3点+8点=30点×100円=3000円=予算。堅実900:穴2100=30:70 as_of=良(確定)
2026_cbc_sho,R17,0,,,中立,振り返り工程用のため予想時は非発火 as_of=良(確定)
2026_cbc_sho,R18,1,1,方向なし,中立,全発火行に馬名・数値入りの具体的根拠を付与 as_of=良(確定)
2026_cbc_sho,R19,1,1,方向なし,中立,妙味閾値4・馬体重補正表・ねじれ補正表とも据え置き。妙味閾値到達馬が6頭に増えても閾値を緩めず as_of=良(確定)
2026_cbc_sho,R20,1,1,空振り,中立,前崩れ本線で▲⑦ディアナザール(逃げ)を置く独立根拠2つ=(1)中京7年の4角1-3番手41.2%とJRA公式「7回中6回は逃げ馬が3着内」(2)父ロードカナロアはコース馬券内28回で最多・496kg・4歳 as_of=良(確定)
2026_cbc_sho,R21,0,,,中立,R03で頭固定を弱めた対象は◎③だが、三連単Fの2着列に③を含め全通り確保済み。R03が頭固定回避を発火させた形ではないため非発火扱い as_of=良(確定)
2026_cbc_sho,R23,1,1,空振り,中立,◎③が3着内を外してもワイド5点(7-17/7-6/10-17/10-6/10-7)と三連単Fの頭⑰が生存。三連複も軸2頭③⑦と軸1頭③で分散 as_of=良(確定)
2026_cbc_sho,R24,1,1,空振り,中立,妙味閾値4以上は⑩8.4・⑧5.4・⑯5.2・⑪5.2・⑱5.2・④4.2・⑬4.0の7頭。このうち紐に採用したのは☆⑩のみで、三連複軸2頭・三連複軸1頭・ワイド穴・三連単F3着列の全4券種に在籍し不一致なし。残る6頭は不採用のため統一義務の対象外(不採用理由はR32行) as_of=良(確定)
2026_cbc_sho,R25,1,1,空振り,中立,ベース点確定前に全18頭の近5走をスキャン。base70未満に置いた⑫(1年内CBC賞G3勝ち)⑧(1年内シルクロードSG3勝ち)⑨(1年内春雷SL勝ち)は各2走の根拠を記録 as_of=良(確定)
2026_cbc_sho,R26,0,,,中立,2歳戦でない as_of=良(確定)
2026_cbc_sho,R28,1,1,空振り,中立,荒帯域指定の三連複軸1頭広め+ワイド穴+三連単Fを全て充足。予算3000の制約で三連複軸1頭の相手を6頭→5頭に按分圧縮し券種は落とさず。堅実穴=30:70を維持 as_of=良(確定)
2026_cbc_sho,R29,0,,,中立,想定馬場・確定馬場とも良のため非適用。稍重15%の副シナリオでは前残りパターンBへ寄せる設計 as_of=良(確定)
2026_cbc_sho,R30,1,1,方向なし,中立,発走帯12-18時の降水確率40%(降水量予想0mm)につき朝の値だけで馬場を確定させず、#更新でJRA公式の6:30クッション10.2・5:30含水率13.8%を反映。当日実馬場バイアスは未確認のためバイアス係数は標準×1.0で据え置き as_of=良(確定)
2026_cbc_sho,R31,1,1,空振り,中立,軸③が3着内を外した場合の生存券種=ワイド5点+三連単F頭⑰。軸選定理由=最終点91.2で2位に6.6差・中京芝1200の高松宮記念5着(4角7番手)がコース唯一の実績 as_of=良(確定)
2026_cbc_sho,R32,1,1,空振り,中立,紐8頭据え置き。欠落理由=⑨は三連複軸2頭側に確保し軸1頭流しは予算按分で相手5頭に圧縮／⑭⑤は軸2頭側のみ／⑰は三連単Fでは2着列に配置のため3着列から除外。妙味5超の⑧5.4・⑯5.2・⑪5.2・⑱5.2は全て14番人気以下で⑯実測1/44=2.3%帯のため不採用、⑬(8番人気・妙味4.0)は地力12位のため不採用 as_of=良(確定)
2026_cbc_sho,R33,0,,,中立,中京芝1200はコーナー2つで直線競走でない as_of=良(確定)
2026_cbc_sho,R34,1,1,方向なし,中立,base最上位③レイピア(base82)は最終点91.2で1位。合成係数・加算層による圏外落ちなし as_of=良(確定)
2026_cbc_sho,R35,1,1,的中,中立,☆⑩ナムラローズマリーはR4.08で優先条件を直接充足。☆⑥レッドエヴァンスはR2.26で優先条件を外れるため代替条件を適用=(1)非R妙味根拠を記録(父ロードカナロアは中京芝1200の馬券内28回でコース最多・前走東京1400を上がり32.7で快勝の左回り実績・地力3位82.2)(2)三連複軸2頭の相手/三連複軸1頭の相手/ワイド7-6/三連単F3着列と全4券種の3着紐に保全。両条件を満たすため遵守。ただし実3番人気で妙味が5.2→2.2に低下した事実は振り返りの検証材料として記録 as_of=良(確定)
2026_sapporo_kinen,R03,1,1,方向なし,中立,◎の根拠は阪神大賞典1着＋天皇賞春3着の独立2根拠のため単一不確実性に非該当・頭固定可 ／振り返り: ◎の根拠が単一不確実性でない＝条文の適用条件に非該当（予想時にfired=1と記録したが実質は非対象帯域）。◎⑩は9着
2026_sapporo_kinen,R04,1,1,方向なし,中立,⑧単騎ハナ判定保留につきパターンBに前残りシナリオを配置(as_of=良確定) ／振り返り: 手続き。パターンBの前残りシナリオは実現せず（逃げ⑯10着）。4角2番手の⑧が2着で好位残りは一部成立
2026_sapporo_kinen,R09,0,,,中立,R値確定・全馬1.5以上のため該当なし(最小はショウヘイ1.95)
2026_sapporo_kinen,R11,0,,,中立,格下げ対象馬なし(印は#更新でも不変)
2026_sapporo_kinen,R13,0,,,中立,G2のためG1限定ルール非該当
2026_sapporo_kinen,R15,1,1,方向なし,中立,◎○▲△各1・☆2で遵守(as_of=良確定) ／振り返り: 手続き。◎○▲△各1・☆2を維持
2026_sapporo_kinen,R18,1,1,方向なし,中立,各行に馬名・数値根拠を明記 ／振り返り: 手続き。全発火行に馬名・数値根拠あり
2026_sapporo_kinen,R20,1,1,逆行,中立,前崩れ本線でも差し・追込を▲以上に置かず(as_of=良確定) ／振り返り: 差し・追込を▲以上に置かない判断の結果、final7位⑮シェイクユアハート(4角8番手・上がり34.6最速)が無印のまま1着。final3位⑫・5位⑨・6位⑥も差し系で無印。従うことが結果に照らして逆方向
2026_sapporo_kinen,R24,1,1,空振り,中立,妙味閾値到達馬(①)を三連複・ワイド両方の紐に統一追加 ／振り返り: 妙味紐①を両券種に統一したが①は15着。分散先いずれも3着圏外
2026_sapporo_kinen,R25,1,1,空振り,中立,ショウヘイ(前走G1大敗・馬体-12kg)はAJCC・ダービー3着実績を根拠にbase76維持・印据え置き ／振り返り: ⑦ショウヘイをbase76維持・▲据え置きとしたが7着。対象馬が3着内に絡まず
2026_sapporo_kinen,R29,0,,,中立,想定馬場良のため道悪ルール非該当
2026_sapporo_kinen,R31,1,1,的中,中立,ワイド4-8を軸抜け保全として維持 ／振り返り: 軸⑩が9着で軸抜けが実際に発生し、保全先に選んだ⑧が2着＝方向は正しい。ただしワイド4-8の相手④が6着で回収には至らず
2026_sapporo_kinen,R34,0,,,中立,base最上位(アドマイヤテラ84)は最終点でも1位・圏外落ちなし
2026_sapporo_kinen,R35,1,1,的中,中立,①R6.01/②R5.03はR≧4.0を直接充足・⑭R3.24は末脚+巧者騎手の代替根拠で3着紐保全継続 ／振り返り: R<4.0の☆⑭レディネス(R3.24)を代替根拠で3着紐保全→実際に3着。保全の向きは正しいが軸⑩が飛び回収0
2026_sapporo_kinen,R36,1,1,空振り,中立,三連複15点全通りに⑩-④(final上位2頭)のペアを含有 ／振り返り: final上位2頭⑩④の直積を三連複15点に含有したが⑩9着・④6着
2026_chukyo_kinen,R01,1,1,的中,効いた,ラヴァンダ軸は複数根拠(左回り実績+持続差し適性+末脚)で単一データ点でない ／振り返り: ◎③ラヴァンダの軸を単一データ点で覆さず維持→1着(レコード)。従うことが正しい方向 ／as_of=良(確定)
2026_chukyo_kinen,R03,0,1,方向なし,中立,◎の根拠は単一の不確実性に依存しない ／振り返り: fired=0＝該当場面なし。◎の根拠は単一不確実性に非依存 ／as_of=良(確定)
2026_chukyo_kinen,R04,0,,方向なし,中立,ペーススコア10で中立域外のため対象外 ／振り返り: 手続き。ペーススコア10で中立域外のため非対象 ／as_of=良(確定)
2026_chukyo_kinen,R07,1,1,空振り,中立,⑮7歳消しは過去傾向データの構造根拠で確認済(0/14)・確定オッズR6.12でも消し維持 ／振り返り: ⑮ショウナンアデイブは確認のうえ消し維持→13着。対象馬が3着内に絡まず結果は変わらない ／as_of=良(確定)
2026_chukyo_kinen,R08,1,1,方向なし,中立,ペースシナリオ(前崩れ本線)を買い目構築前にロック ／振り返り: 手続き。ペースシナリオを買い目構築前にロックし以後変更なし ／as_of=良(確定)
2026_chukyo_kinen,R09,1,1,方向なし,中立,⑫R1.79/⑨R1.69はR<1.5でないため頭固定回避規定の対象外・複勝圏に残す ／振り返り: ⑫R1.79/⑨R1.69はR<1.5でなく該当0頭＝非対象。空振りに混ぜない ／as_of=良(確定)
2026_chukyo_kinen,R11,1,1,的中,効いた,格下げ馬は展開起因の複数根拠で紐に保全 ／振り返り: 格下げ馬を紐に保全した対象に△⑫サトノシャイニングを含み3着。従うことが正しい方向 ／as_of=良(確定)
2026_chukyo_kinen,R12,0,,方向なし,中立,本レースは三連単非採用のため対象外 ／振り返り: 中帯域の券種構成が三連複軸1頭+ワイドで三連単非採用・該当場面なし ／as_of=良(確定)
2026_chukyo_kinen,R13,0,,方向なし,中立,G3のため対象外 ／振り返り: G3のためG1限定ルール非該当 ／as_of=良(確定)
2026_chukyo_kinen,R15,1,1,方向なし,中立,◎○▲△✕各1頭・☆2頭で頭数上限順守 ／振り返り: 手続き。◎○▲△x各1・☆2で頭数上限順守 ／as_of=良(確定)
2026_chukyo_kinen,R18,1,1,方向なし,中立,各fired行に馬名・数値根拠を明記 ／振り返り: 手続き。全発火行に馬名・数値根拠あり ／as_of=良(確定)
2026_chukyo_kinen,R19,1,1,方向なし,中立,台帳statusどおり適用(暫定ルールを緩めていない) ／振り返り: 手続き。台帳statusどおり適用し暫定ルールを緩めていない ／as_of=良(確定)
2026_chukyo_kinen,R20,0,,方向なし,中立,本線が前崩れ型のため前残り限定ルールは対象外 ／振り返り: fired=0＝本線が前崩れ型で前残り限定条項は非対象 ／as_of=良(確定)
2026_chukyo_kinen,R21,1,1,方向なし,中立,△⑫は頭固定せず全通り2・3着グループに含める ／振り返り: R03が非該当で◎の頭固定を弱めておらず三連単も非採用＝実質非対象場面。予想時fired=1の記録は保持 ／as_of=良(確定)
2026_chukyo_kinen,R23,0,,方向なし,中立,中帯域のため対象外(荒帯域限定) ／振り返り: 荒れ度3(補正後4)=中帯域のため荒帯域限定条項は非対象(ゲート②記録漏れを振り返りで補記) ／as_of=良(確定)
2026_chukyo_kinen,R25,1,0,的中,違反して失敗,base70未満に落とした④54/⑬42を精査のうえ据え置き ／振り返り(2026-08-16再判定): ⑤ミニトランザット(base62)はダービー卿チャレンジT(GIII)2026-04-04 4着＝1年内の重賞4着以内を持ちR25の発火条件を満たすが base_breakdownは前走しらさぎS6着の1走のみで「5走精査＋根拠2走以上の明記」が未実施＝違反。従っていれば良馬場[4-0-2-2]/稍重[0-0-0-3]と中京芝1600の1勝クラス勝ちを拾えており2着を捕捉できた ／as_of=良(確定)
2026_chukyo_kinen,R30,0,,方向なし,中立,降水継続中でないため対象外 ／振り返り: 当日晴・降水なしのため該当場面なし ／as_of=良(確定)
2026_chukyo_kinen,R31,1,1,空振り,中立,軸③抜け対応としてワイド8点を併設 ／振り返り: 軸③抜け対応にワイド11-6/1-14を併設したが軸③が1着で軸抜けは発生せず。保全先⑪⑥①⑭はいずれも3着外 ／as_of=良(確定)
2026_chukyo_kinen,R32,1,1,的中,効いた,三連複相手6頭とワイド相手が概ね一致(⑩のみ三連複限定・欠落理由記録済) ／振り返り: 三連複相手{11,6,12,1,14,10}とワイド相手{11,6,12,1,14,10}を突合し欠落なし。両券種が3着内の⑫を含みワイド3-12が的中 ／as_of=良(確定)
2026_chukyo_kinen,R34,1,1,的中,効いた,base最上位⑫は圏内(△)のため降格非該当 ／振り返り: base最上位⑫(75)を係数減点で圏外へ落とさず△として全券種の紐に残す→3着。従うことが正しい方向 ／as_of=良(確定)
2026_chukyo_kinen,R35,1,1,空振り,中立,確定オッズでR≧4.0を①4.77/⑭4.30で正式確認・R35例外条項から通常トリガーへ更新 ／振り返り: ☆①R4.77/⑭R4.30はR≧4.0を直接充足し3着紐保全→11着/5着。対象馬が3着内に絡まず ／as_of=良(確定)
2026_chukyo_kinen,R36,1,1,空振り,中立,final上位2頭(③⑪)は不変・ワイド3-11で直積確保済み ／振り返り: final上位2頭③⑪の直積をワイド3-11で確保したが⑪7着。③1着でも相手が来ず ／as_of=良(確定)
2026_sapporo_kinen,R08,1,1,方向なし,中立,馬場実測(良)反映後もペースシナリオを再構成せず買い目構築前にロック(as_of=良確定)（ゲート②記録漏れを2026-08-16振り返りで補記・as_of=良確定）
2026_sapporo_kinen,R12,0,,,中立,中帯域の券種構成が三連複軸1頭+ワイドで三連単の購入なし・該当場面なし（ゲート②記録漏れを2026-08-16振り返りで補記・as_of=良確定）
2026_sapporo_kinen,R16,1,1,方向なし,中立,三連複15点×100=1500円・ワイド6点×250=1500円・合計3000円=予算内を照合（ゲート②記録漏れを2026-08-16振り返りで補記・as_of=良確定）
2026_sapporo_kinen,R21,0,,,中立,R03非該当で◎⑩の頭固定を弱めておらず該当場面なし（ゲート②記録漏れを2026-08-16振り返りで補記・as_of=良確定）
2026_sapporo_kinen,R23,0,,,中立,荒れ度5=中帯域のため荒帯域限定条項は非対象帯域（ゲート②記録漏れを2026-08-16振り返りで補記・as_of=良確定）
2026_sapporo_kinen,R26,0,,,中立,2歳戦でないため非該当（ゲート②記録漏れを2026-08-16振り返りで補記・as_of=良確定）
2026_sapporo_kinen,R28,1,1,的中,中立,帯域表の中帯域構成(三連複軸1頭+ワイド)・堅実穴50:50・予算3000を維持。両券種とも3着内の⑧⑭を紐に含有（ゲート②記録漏れを2026-08-16振り返りで補記・as_of=良確定）
2026_sapporo_kinen,R30,0,,,中立,当日晴・降水なしのため該当場面なし（ゲート②記録漏れを2026-08-16振り返りで補記・as_of=良確定）
2026_sapporo_kinen,R32,1,1,的中,中立,"三連複紐{1,4,7,8,14,2}とワイド{4,7,14,2,1}+4-8を突合し欠落なし。紐集合は3着内の⑧⑭を含有（ゲート②記録漏れを2026-08-16振り返りで補記・as_of=良確定）"
2026_sapporo_kinen,R33,0,,,中立,直線競走でないため非該当（ゲート②記録漏れを2026-08-16振り返りで補記・as_of=良確定）
2026_chukyo_kinen,R10,0,,方向なし,中立,函館記念限定条項のため非該当(ゲート①記録漏れを振り返りで補記) ／as_of=良(確定)
2026_chukyo_kinen,R16,1,1,方向なし,中立,手続き。三連複15点(6×5÷2)×100=1500円・ワイド8点×150=1200円・合計2700円≦予算3000円を照合(ゲート②記録漏れを振り返りで補記) ／as_of=良(確定)
2026_chukyo_kinen,R22,1,0,方向なし,中立,違反。予想確定時にvalidate.pyがERROR45件(myomi_score全16頭未記入・coef/additive_breakdownの書式不正)を出す状態で印・買い目を確定していた。書式不正29件は振り返りで是正・myomi_score16件は推測で埋めず未記入のまま残す ／as_of=良(確定)
2026_chukyo_kinen,R24,1,1,空振り,中立,妙味閾値到達扱いの☆①⑭を三連複相手とワイドの両方に統一収録→①11着・⑭5着。分散先いずれも3着圏外(ゲート②記録漏れを振り返りで補記) ／as_of=良(確定)
2026_chukyo_kinen,R26,0,,方向なし,中立,2歳戦でないため非該当(ゲート②記録漏れを振り返りで補記) ／as_of=良(確定)
2026_chukyo_kinen,R28,1,1,的中,効いた,帯域表の中帯域構成(三連複軸1頭+ワイド)・堅実穴50:50・予算3000を券種を落とさず維持。両券種の紐が3着内の⑫を含有 ／as_of=良(確定)
2026_chukyo_kinen,R29,0,,方向なし,中立,想定・確定とも良馬場のため道悪条項は非該当(ゲート②記録漏れを振り返りで補記) ／as_of=良(確定)
2026_chukyo_kinen,R33,0,,方向なし,中立,直線競走でないため非該当(ゲート②記録漏れを振り返りで補記) ／as_of=良(確定)
2026_keeneland_cup,R01,1,1,的中,効いた,◎3維持 / as_of=良・クッション8.2
2026_keeneland_cup,R02,0,1,方向なし,中立,非発火 / as_of=良・クッション8.2
2026_keeneland_cup,R03,0,1,方向なし,中立,非発火 / as_of=良・クッション8.2
2026_keeneland_cup,R04,0,1,方向なし,中立,非発火 / as_of=良・クッション8.2
2026_keeneland_cup,R05,0,1,方向なし,中立,非発火 / as_of=良・クッション8.2
2026_keeneland_cup,R06,0,1,方向なし,中立,非発火 / as_of=良・クッション8.2
2026_keeneland_cup,R07,1,1,空振り,中立,x7精査 / as_of=良・クッション8.2
2026_keeneland_cup,R08,1,1,方向なし,中立,ペース10ロック / as_of=良・クッション8.2
2026_keeneland_cup,R09,0,1,方向なし,中立,非発火 / as_of=良・クッション8.2
2026_keeneland_cup,R10,0,1,方向なし,中立,非発火 / as_of=良・クッション8.2
2026_keeneland_cup,R11,1,1,的中,効いた,15降格・14再評価 / as_of=良・クッション8.2
2026_keeneland_cup,R12,0,1,方向なし,中立,非発火 / as_of=良・クッション8.2
2026_keeneland_cup,R13,0,1,方向なし,中立,非発火 / as_of=良・クッション8.2
2026_keeneland_cup,R14,0,1,方向なし,中立,非発火 / as_of=良・クッション8.2
2026_keeneland_cup,R15,1,1,方向なし,中立,印上限遵守 / as_of=良・クッション8.2
2026_keeneland_cup,R16,1,1,方向なし,効いた,総額3000 / as_of=良・クッション8.2
2026_keeneland_cup,R17,0,1,方向なし,中立,非発火 / as_of=良・クッション8.2
2026_keeneland_cup,R18,1,1,方向なし,中立,根拠記録 / as_of=良・クッション8.2
2026_keeneland_cup,R19,1,1,方向なし,中立,閾値固定 / as_of=良・クッション8.2
2026_keeneland_cup,R20,0,1,方向なし,中立,非発火 / as_of=良・クッション8.2
2026_keeneland_cup,R21,0,1,方向なし,中立,非発火 / as_of=良・クッション8.2
2026_keeneland_cup,R22,1,1,方向なし,中立,数値検算 / as_of=良・クッション8.2
2026_keeneland_cup,R23,0,1,方向なし,中立,非発火 / as_of=良・クッション8.2
2026_keeneland_cup,R24,0,1,方向なし,中立,非発火 / as_of=良・クッション8.2
2026_keeneland_cup,R25,1,1,空振り,中立,9を5走精査 / as_of=良・クッション8.2
2026_keeneland_cup,R26,0,1,方向なし,中立,非発火 / as_of=良・クッション8.2
2026_keeneland_cup,R27,0,1,方向なし,中立,非発火 / as_of=良・クッション8.2
2026_keeneland_cup,R28,1,1,的中,効いた,中帯域50:50 / as_of=良・クッション8.2
2026_keeneland_cup,R29,0,1,方向なし,中立,非発火 / as_of=良・クッション8.2
2026_keeneland_cup,R30,0,1,方向なし,中立,非発火 / as_of=良・クッション8.2
2026_keeneland_cup,R31,1,1,的中,中立,軸抜け生存 / as_of=良・クッション8.2
2026_keeneland_cup,R32,1,1,的中,効いた,券種間突合・欠落理由記録 / as_of=良・クッション8.2
2026_keeneland_cup,R33,0,1,方向なし,中立,非発火 / as_of=良・クッション8.2
2026_keeneland_cup,R34,0,1,方向なし,中立,非発火 / as_of=良・クッション8.2
2026_keeneland_cup,R35,1,1,的中,効いた,☆14 R3.20・☆16 R3.92を例外根拠+両券種保全 / as_of=良・クッション8.2
2026_keeneland_cup,R36,1,1,的中,効いた,3-8直積 / as_of=良・クッション8.2
2026_keeneland_cup,R37,1,1,空振り,中立,非軸3ペア / as_of=良・クッション8.2
2026_keeneland_cup,R38,1,1,空振り,中立,11短縮精査 / as_of=良・クッション8.2
2026_niigata_kinen,R01,0,,,,非発火; as_of=良20%稍重50%重30%
2026_niigata_kinen,R02,0,,,,非発火; as_of=良20%稍重50%重30%
2026_niigata_kinen,R03,1,1,的中,中立,③初2000mの単一不確実性があり頭固定候補にしない; as_of=良20%稍重50%重30%; 振り返り: ③2着＝1着ではなく頭固定回避の向きは正しい（三連単不採用で損益寄与なし）
2026_niigata_kinen,R04,0,,,,非発火; as_of=良20%稍重50%重30%
2026_niigata_kinen,R05,0,,,,非発火; as_of=良20%稍重50%重30%
2026_niigata_kinen,R06,0,,,,非発火; as_of=良20%稍重50%重30%
2026_niigata_kinen,R07,0,,,,非発火; as_of=良20%稍重50%重30%
2026_niigata_kinen,R08,1,1,方向なし,中立,pace_score=3・A押し出されスローを買い目前にロック; as_of=良20%稍重50%重30%; 振り返り: 手続き系
2026_niigata_kinen,R09,0,,,,非発火; as_of=良20%稍重50%重30%
2026_niigata_kinen,R10,0,,,,非発火; as_of=良20%稍重50%重30%
2026_niigata_kinen,R11,1,1,的中,中立,④⑤⑥⑨⑪を単独根拠で全消しせず紐保全; as_of=良20%稍重50%重30%; 振り返り: 保全した⑤が1着。ただし③が紐に不在で三連複は不成立
2026_niigata_kinen,R12,0,,,,非発火; as_of=良20%稍重50%重30%
2026_niigata_kinen,R13,0,,,,非発火; as_of=良20%稍重50%重30%
2026_niigata_kinen,R14,0,,,,非発火; as_of=良20%稍重50%重30%
2026_niigata_kinen,R15,0,,,,非発火; as_of=良20%稍重50%重30%
2026_niigata_kinen,R16,0,,,,非発火; as_of=良20%稍重50%重30%
2026_niigata_kinen,R17,0,,,,非発火; as_of=良20%稍重50%重30%
2026_niigata_kinen,R18,1,1,方向なし,中立,全発火行に馬名または数値根拠を記録; as_of=良20%稍重50%重30%; 振り返り: 手続き系
2026_niigata_kinen,R19,0,,,,非発火; as_of=良20%稍重50%重30%
2026_niigata_kinen,R20,1,1,空振り,中立,◎⑧は自在で前位置シナリオ・○④は機械先行; as_of=良20%稍重50%重30%; 振り返り: 前寄りの◎⑧○④を維持。差し馬の格上げ抑制は発生せず▲⑤（4角6番手）が1着
2026_niigata_kinen,R21,0,,,,非発火; as_of=良20%稍重50%重30%
2026_niigata_kinen,R22,0,,,,非発火; as_of=良20%稍重50%重30%
2026_niigata_kinen,R23,0,,,,非発火; as_of=良20%稍重50%重30%
2026_niigata_kinen,R24,1,0,空振り,中立,妙味5の⑪が三連複紐にありワイドから欠落・欠落理由の記録なし（gate.py GATE-FAIL）。予想時は非発火と誤記録していたためgate.pyの機械判定で訂正; as_of=良20%稍重50%重30%; 振り返り: 欠落した⑪は11着で結果は変わらず
2026_niigata_kinen,R25,1,1,的中,中立,④⑥⑧⑨⑪等の重賞実績馬を5走精査; as_of=良20%稍重50%重30%; 振り返り: 5走精査でbase81以上に置いた⑧が3着
2026_niigata_kinen,R26,0,,,,非発火; as_of=良20%稍重50%重30%
2026_niigata_kinen,R27,0,,,,非発火; as_of=良20%稍重50%重30%
2026_niigata_kinen,R28,1,1,空振り,中立,中帯域の三連複軸1頭＋ワイド・予算50:50を実装; as_of=良20%稍重50%重30%; 振り返り: 中帯域の券種構成と50:50を維持したが三連複・ワイドとも不的中
2026_niigata_kinen,R29,0,,,,非発火; as_of=良20%稍重50%重30%
2026_niigata_kinen,R30,0,,,,非発火; as_of=良20%稍重50%重30%
2026_niigata_kinen,R31,1,1,空振り,中立,⑧軸抜けでもワイド4-6・5-10・6-10が残る; as_of=良20%稍重50%重30%; 振り返り: 軸⑧が3着内で軸抜けが発生せず、保全券種の出番なし
2026_niigata_kinen,R32,1,1,空振り,中立,券種間差は軸抜け保全目的として明記; as_of=良20%稍重50%重30%; 振り返り: ワイドから欠落した⑨⑪はいずれも3着外（⑨5着・⑪11着）
2026_niigata_kinen,R33,0,,,,非発火; as_of=良20%稍重50%重30%
2026_niigata_kinen,R34,1,1,的中,中立,base上位⑤等を印または三連複紐に保全; as_of=良20%稍重50%重30%; 振り返り: base98の⑤を▲＋三連複紐に保全→1着
2026_niigata_kinen,R35,1,1,空振り,中立,☆⑥R4.35・☆⑩R3.81は新潟2000G3好走を独立根拠として紐保全; as_of=良20%稍重50%重30%; 振り返り: ☆⑥8着・☆⑩10着。保全は実施したが根拠タグがpredictions.notesに無くgate.pyはFAIL判定
2026_niigata_kinen,R36,1,1,空振り,中立,final上位⑧102・④98の直積を三連複で保持; as_of=良20%稍重50%重30%; 振り返り: final上位⑧④の直積は④6着で不成立
2026_niigata_kinen,R37,1,1,空振り,中立,非軸ペア4-6・5-10・6-10の3点確保; as_of=良20%稍重50%重30%; 振り返り: 非軸ペア4-6/5-10/6-10はいずれも3着内2頭を含まず
2026_niigata_kinen,R38,1,1,的中,中立,③は1600のみ・⑦は1600-1800のみ。血統加点0を記録; as_of=良20%稍重50%重30%; 振り返り: 未経験＝未知として血統加点0を記録した③が2着。記録の向きは正しかったが印（✕）に反映されず
2026_niigata_kinen,R39,0,,,,非発火; as_of=良20%稍重50%重30%
2026_chukyo_nisai_s,R01,1,1,空振り,中立,③は同コース勝ちと上がり33.7の複数根拠; as_of=良80%稍重20%; 振り返り: 単一データ点で③軸を覆さなかったが③は5着
2026_chukyo_nisai_s,R02,0,,,,非発火; as_of=良80%稍重20%
2026_chukyo_nisai_s,R03,0,,,,③の根拠は単一不確実性に依存しない; as_of=良80%稍重20%
2026_chukyo_nisai_s,R04,0,,,,pace_score=2で中立域外; as_of=良80%稍重20%
2026_chukyo_nisai_s,R05,0,,,,非発火; as_of=良80%稍重20%
2026_chukyo_nisai_s,R06,0,,,,非発火; as_of=良80%稍重20%
2026_chukyo_nisai_s,R07,0,,,,構造的消し馬なし; as_of=良80%稍重20%
2026_chukyo_nisai_s,R08,1,1,方向なし,中立,A前残り・B競り合いを買い目前にロック; as_of=良80%稍重20%; 振り返り: 手続き系
2026_chukyo_nisai_s,R09,1,1,的中,効いた,⑨R1.47を頭固定せず複勝圏に保全; as_of=良80%稍重20%; 振り返り: R1.47の⑨を頭固定せず複勝圏に保全→1着。ワイド9-7の的中に直接寄与
2026_chukyo_nisai_s,R10,0,,,,函館記念限定; as_of=良80%稍重20%
2026_chukyo_nisai_s,R11,1,1,空振り,中立,⑧を低finalだけで消さず☆として保全; as_of=良80%稍重20%; 振り返り: 低finalで消さず☆にした⑧は9着
2026_chukyo_nisai_s,R12,0,,,,三連単不採用; as_of=良80%稍重20%
2026_chukyo_nisai_s,R13,0,,,,G3のため非対象; as_of=良80%稍重20%
2026_chukyo_nisai_s,R14,0,,,,予想確定前; as_of=良80%稍重20%
2026_chukyo_nisai_s,R15,1,1,方向なし,中立,◎○▲△各1・☆2・R26優先でxなし; as_of=良80%稍重20%; 振り返り: 手続き系
2026_chukyo_nisai_s,R16,1,1,方向なし,中立,三連複1500円＋ワイド1500円; as_of=良80%稍重20%; 振り返り: 手続き系
2026_chukyo_nisai_s,R17,0,,,,振り返り専用; as_of=良80%稍重20%
2026_chukyo_nisai_s,R18,1,1,方向なし,中立,発火行に馬名・数値を記録; as_of=良80%稍重20%; 振り返り: 手続き系
2026_chukyo_nisai_s,R19,1,1,方向なし,中立,暫定ルールを台帳どおり適用; as_of=良80%稍重20%; 振り返り: 手続き系
2026_chukyo_nisai_s,R20,1,1,空振り,中立,③は初戦2番手経験と9頭立てで射程内を見込む; as_of=良80%稍重20%; 振り返り: 前残り本線と◎③の脚質は矛盾せず。③5着で対象馬は3着外
2026_chukyo_nisai_s,R21,0,,,,R03非発火・三連単なし; as_of=良80%稍重20%
2026_chukyo_nisai_s,R22,1,1,方向なし,中立,全9頭の数値列を完成; as_of=良80%稍重20%; 振り返り: 手続き系
2026_chukyo_nisai_s,R23,0,,,,中帯域; as_of=良80%稍重20%
2026_chukyo_nisai_s,R24,1,1,空振り,中立,妙味閾値到達②⑧を全券種に保全; as_of=良80%稍重20%; 振り返り: 妙味閾値到達②⑧を全券種に保全したが②6着・⑧9着
2026_chukyo_nisai_s,R25,0,,,,全馬重賞未経験; as_of=良80%稍重20%
2026_chukyo_nisai_s,R26,1,1,空振り,中立,全キャリア確認・芝未知⑥⑧は中立1.0; as_of=良80%稍重20%; 振り返り: 芝未知⑥⑧を中立1.0で保全したが⑥4着・⑧9着。消し（✕）はゼロ
2026_chukyo_nisai_s,R27,0,,,,廃止ルール; as_of=良80%稍重20%
2026_chukyo_nisai_s,R28,1,1,的中,効いた,中帯域の三連複＋ワイド・50:50; as_of=良80%稍重20%; 振り返り: 穴側ワイドを最後まで残す条文どおりに構成を維持し、そのワイドが800円を回収
2026_chukyo_nisai_s,R29,0,,,,主想定は良; as_of=良80%稍重20%
2026_chukyo_nisai_s,R30,1,1,方向なし,中立,午後降水50%のため朝馬場を確定値扱いしない; as_of=良80%稍重20%; 振り返り: 手続き系。実際は晴・芝良で朝馬場から動かず
2026_chukyo_nisai_s,R31,1,1,的中,効いた,軸③を外すワイド3点を併設; as_of=良80%稍重20%; 振り返り: 軸③が5着＝軸抜けが実際に発生。併設した軸抜けワイド9-7が的中
2026_chukyo_nisai_s,R32,1,1,空振り,中立,券種間の紐差を記録; as_of=良80%稍重20%; 振り返り: ワイドから欠落した③⑤は3着外（③5着・⑤7着）
2026_chukyo_nisai_s,R33,0,,,,直線競走ではない; as_of=良80%稍重20%
2026_chukyo_nisai_s,R34,0,,,,base最上位⑨は最終2位・○圏内; as_of=良80%稍重20%
2026_chukyo_nisai_s,R35,1,1,空振り,中立,☆②R4.77・☆⑧R4.13; as_of=良80%稍重20%; 振り返り: ☆②6着・☆⑧9着。両馬ともR≧4.0で(1)(2)の保全要件は非拘束
2026_chukyo_nisai_s,R36,1,1,空振り,中立,final上位③⑨の直積を三連複で確保; as_of=良80%稍重20%; 振り返り: final上位③⑨の直積は③5着で不成立
2026_chukyo_nisai_s,R37,1,1,的中,効いた,非軸ワイド9-7・2-4・2-8; as_of=良80%稍重20%; 振り返り: 非軸ペア9-7が的中。札幌記念2026の失敗類型（非軸ペア不在）を実際に回避
2026_chukyo_nisai_s,R38,0,,,,全馬に1200〜1600m経験あり; as_of=良80%稍重20%
2026_chukyo_nisai_s,R39,0,,,,機械認定の逃げ候補は②1頭; as_of=良80%稍重20%
2026_niigata_nisai_s,R26,1,0,的中,中立,2歳戦で✕③トップチェッカーを最終点の点差（base71 vs ▲②76）で消し、構造フィルタ根拠をpredictions.notes に記録していない（r26_gate.py がWARN検出済み）。③は3着＝従っていれば救えた; as_of=良(確定); 振り返り: 本レースのrule_firesは他に1行も存在せず、遡及作成はしない（記録欠落として報告）
2026_keisei_hai_ah,R03,1,1,的中,効いた,◎⑨を頭固定せず(1着でなければ的中)。⑨は11着で頭固定回避が正しい方向
2026_keisei_hai_ah,R04,1,1,方向なし,中立,逃げ認定3頭で単騎逃げ不成立・手続きルール
2026_keisei_hai_ah,R07,1,1,的中,効いた,✕①の消し根拠確認済み。①は10着で消しが正しい方向
2026_keisei_hai_ah,R08,1,1,方向なし,中立,ペースシナリオロックの手続き確認のみ
2026_keisei_hai_ah,R09,1,1,方向なし,中立,複勝オッズ取得失敗でR値未算出・対象馬なし
2026_keisei_hai_ah,R11,1,1,方向なし,中立,初回予想のため格下げ0件
2026_keisei_hai_ah,R12,1,1,空振り,中立,頭◎○(9・6)分散も両方3着内なし
2026_keisei_hai_ah,R20,1,1,方向なし,中立,パターンAが中位差し本線のため対象馬なし
2026_keisei_hai_ah,R23,1,1,空振り,中立,軸2頭(9・6)分散も両方3着内なし
2026_keisei_hai_ah,R31,1,1,空振り,中立,軸抜けリスク分散も軸2頭とも3着内なし
2026_keisei_hai_ah,R32,1,1,空振り,中立,紐リスト統一(8頭)も全員3着内なし
2026_keisei_hai_ah,R35,1,1,空振り,中立,☆13・5とも妙味根拠明記済みだが3着内なし
2026_keisei_hai_ah,R36,1,1,空振り,中立,final上位2頭(9・6)の直積確保も3着内なし
2026_keisei_hai_ah,R37,1,1,空振り,中立,非軸ペア(13-5・2-12)2点確保も3着内なし
2026_keisei_hai_ah,R38,1,1,空振り,中立,④⑮とも距離帯未経験の記録は行ったが3着外
2026_keisei_hai_ah,R40,1,1,的中,効いた,✕①の消し根拠記録済み。①は10着で消しが正しい方向
2026_shion_s,R01,0,1,方向なし,中立,単一データ点での軸変更なし as_of=稍重55%重40%不良5%
2026_shion_s,R02,1,1,空振り,中立,包含済(R11)。名指しした7・6・8は全て紐以上に確保 as_of=稍重55%重40%不良5%
2026_shion_s,R04,1,1,方向なし,中立,逃げ認定は3の1頭・単独ハナ成功率0.40で数値要件は充足だが条文の良馬場要件を満たさず。スロー前残りはパターンAとして並列保持 as_of=稍重55%重40%不良5%
2026_shion_s,R05,0,1,方向なし,中立,包含済(R11)。高速馬場前提の場面なし as_of=稍重55%重40%不良5%
2026_shion_s,R06,0,1,方向なし,中立,包含済(R11)。軸の途中変更なし as_of=稍重55%重40%不良5%
2026_shion_s,R07,1,1,逆行,中立,包含済(R11)。消し馬4の好走条件(クイーンC G3 4着・新馬勝ち)を確認したうえで中28週の休養明けを根拠に消し as_of=稍重55%重40%不良5% ／【振り返り】確認したうえで維持した✕④マスターソアラが1着。従ったが救えなかったため逆行と認定（空振りには寄せない＝対象馬が3着内）
2026_shion_s,R10,0,1,方向なし,中立,函館記念限定。馬齢戦で斤量一律55.0kg as_of=稍重55%重40%不良5%
2026_shion_s,R14,0,1,方向なし,中立,予想確定後に印の変更なし。ユーザー指摘は分析であり独立した新根拠2つに当たらないと判断し印を据え置き as_of=稍重55%重40%不良5%
2026_shion_s,R15,1,1,方向なし,中立,包含済(validate.py)。◎○▲△✕各1頭・☆1頭 as_of=稍重55%重40%不良5%
2026_shion_s,R16,1,1,方向なし,中立,包含済(validate.py)。全券種の点数を列挙検算し総額3000円で一致 as_of=稍重55%重40%不良5%
2026_shion_s,R17,0,1,方向なし,中立,振り返り工程。本セッションは予想 as_of=稍重55%重40%不良5%
2026_shion_s,R18,1,1,方向なし,中立,発火行はすべて馬名・数値入りの根拠1行を付与 as_of=稍重55%重40%不良5%
2026_shion_s,R19,1,1,方向なし,中立,10-7の反転を不適用とした判断はR29と㉓の正本関係に基づく解釈であり閾値・係数の変更ではない。稍重年n=2および直近3年n=3を根拠とする印の引き上げ要求は本条により見送り、荒れ度スコアへの馬場項追加とともに#設計アジェンダへ送る as_of=稍重55%重40%不良5%
2026_shion_s,R22,1,1,方向なし,中立,包含済(validate.py)。base×合成係数+加算=finalを全11頭で記録 as_of=稍重55%重40%不良5%
2026_shion_s,R03,1,1,的中,中立,◎9は頭固定せず三連単Fの2着列3着列に全通り確保 as_of=稍重55%重40%不良5%
2026_shion_s,R08,1,1,方向なし,中立,#更新 全面を2回実施したがペースシナリオは一度も再構成せず。A前〜好位残り/B好位差しを同一内容で再ロック。変更は三連単Fの2着列(1回目)と穴側ワイドの単価配分(2回目)のみ as_of=稍重55%重40%不良5%
2026_shion_s,R09,1,1,的中,中立,9のR=1.53。頭固定は回避し三連複F全7点とワイド5点で複勝圏に据え置き as_of=稍重55%重40%不良5%
2026_shion_s,R11,1,1,的中,中立,格下げ0件。2と8は印圏外だが2は三連複F3列目とワイド2-6、8はワイド9-8で保全。9-7を200→100円に減額したが7は3券種に在籍し紐の地位は不変 as_of=稍重55%重40%不良5%
2026_shion_s,R12,1,1,的中,中立,三連単F1着列は9・3の2頭で頭1点固定なし as_of=稍重55%重40%不良5% ／【振り返り】頭列9・3のうち⑨が3着で手順の双方向定義により的中。※頭捕捉基準では0（1着④は頭列外）
2026_shion_s,R13,0,1,方向なし,中立,G1限定。本レースはG2で1番人気の複勝率60.0%も消しデータではない as_of=稍重55%重40%不良5%
2026_shion_s,R20,1,1,空振り,中立,本線Aは前〜好位残り。三連単Fの2着列に加えた6も更新2回目で接続した8も機械認定=先行で矛盾なし。◎9は機械=差しだが自在(IQR0.438)でオークス4-4-3-3の好位実績が独立根拠 as_of=稍重55%重40%不良5%
2026_shion_s,R21,1,1,的中,中立,9は2着列{9・3・6}と3着列{9・10・6・7}の双方に在籍。11点中6点が9の2〜3着付け as_of=稍重55%重40%不良5%
2026_shion_s,R23,0,1,方向なし,中立,荒帯域限定。本レースは堅帯域(荒れ度1) as_of=稍重55%重40%不良5%
2026_shion_s,R24,1,1,空振り,中立,妙味閾値到達は☆7のみで三連複F・三連単F・ワイドの3券種すべてに在籍。8は妙味4.2で閾値未達のため本条の対象外 as_of=稍重55%重40%不良5%
2026_shion_s,R25,1,1,的中,中立,発火候補3・4・9・10の4頭。5走精査のうえ全頭をbase70以上(3=78・4=72・9=86・10=82)に置いたため70未満への格下げなし as_of=稍重55%重40%不良5%
2026_shion_s,R26,0,1,方向なし,中立,2歳戦限定。3歳牝馬戦でキャリア3戦以下主体でもない as_of=稍重55%重40%不良5%
2026_shion_s,R28,1,1,空振り,中立,堅帯域の3券種と予算比70:30(2100:900)を維持。券種の追加削除なし・総額3000円不変・2回の更新はいずれも券種内の列と単価配分の変更にとどまる as_of=稍重55%重40%不良5%
2026_shion_s,R29,1,1,方向なし,中立,ペーススコア8は前崩れ域だが想定馬場が稍重〜重のため前崩れを本線にしない。Bも4角6番手以内決着を前提。ハナ争い当事者3・11への0.85係数も不適用 as_of=稍重55%重40%不良5% ／【振り返り】重馬場で1着④4角5番手・3着⑨4角3番手＝4角6番手以内決着の想定は実現（2着②のみ7番手）
2026_shion_s,R30,1,1,方向なし,中立,降水継続中かつ予報が悪化方向。朝の含水率13.0%/13.7%とクッション値9.1を発走時馬場として採用せず稍重55%/重40%/不良5%の分裂宣言で確定させない。2回の更新はいずれも構成の誤りの是正であり暫定馬場読みによる組み替えではない as_of=稍重55%重40%不良5%
2026_shion_s,R31,1,1,空振り,中立,軸9が3着内を外すと三連複F・三連単Fは全失効。軸抜けを拾うワイド非軸5点(3-6・10-6・3-7・6-7・2-6)を併設し少なくとも1点的中17.88%を確保 as_of=稍重55%重40%不良5%
2026_shion_s,R32,1,1,的中,中立,"集合突合=三連複F{9,3,10,6,2,7}/三連単F{9,3,6,10,7}/ワイド{9,3,10,6,7,8,2}。2の三連単F欠落理由=堅帯域の相手絞り規定により列を5頭に限定。8の三連系欠落理由=妙味4.2が閾値5に未達で紐4頭(3・10・6・2)に入らないためワイド1点での保全に留める。いずれも最低1点で紐を確保 as_of=稍重55%重40%不良5% ／【振り返り】欠落理由を記録して保全した②サムシングスイートが2着。保全先（三連複F3列目・ワイド2-6）は的中に届かず＝capture的中/outcome中立"
2026_shion_s,R33,0,1,方向なし,中立,直線競走ではない(中山芝2000内・4コーナー) as_of=稍重55%重40%不良5%
2026_shion_s,R34,1,1,的中,中立,base最上位9(86)は最終点も1位93.6。減点による圏外落ちなし as_of=稍重55%重40%不良5%
2026_shion_s,R35,1,1,空振り,中立,☆7のR=4.21≧4.0で裏付けあり。R=4.58で全頭最高の8は☆枠(堅帯域は0〜1頭)が7で埋まるため☆にできず、本条の趣旨に沿ってワイド9-8の1点で保全した as_of=稍重55%重40%不良5%
2026_shion_s,R36,1,1,空振り,中立,final上位2頭9(93.6)と10(90.2)の直積を三連複F4点・三連単F3点・ワイド9-10で保持 as_of=稍重55%重40%不良5%
2026_shion_s,R37,1,1,空振り,中立,軸9を含まない紐ペアはワイド5点(3-6・10-6・3-7・6-7・2-6)。3-7を残したため6への全点集中を回避。人気は2-6/3-6/2-10/6-10/4-6で軸(1人気)±2以内同士に固めていない as_of=稍重55%重40%不良5% ／【振り返り】非軸5点は全滅。捕捉していた軸⑨(3着)×紐②(2着)のワイド2-9=410円がどの券種にも不在で、本条は非軸ペアのみを見るため検出できなかった（台帳の穴→R42へ）
2026_shion_s,R38,1,1,的中,中立,近5走に1800〜2200帯なしは4・9・10の3頭。9=父キズナで短縮を後押し+1適用/4=父シスキン母父ダイワメジャーともマイル型でD①記載なく±0/10=父ロードカナロア母父City Zipで延長の後押し弱く±0。母父C節は引くべき表がD①に無く3頭とも未判定 as_of=稍重55%重40%不良5%
2026_shion_s,R39,0,1,方向なし,中立,機械認定の逃げは3の1頭のみで発火要件(逃げ候補2頭以上)を満たさず。ただし脚質未確定の11が2走とも前で運ぶためパターンBを競り合い型として並列化済み as_of=稍重55%重40%不良5% ／【振り返り】実際の逃げは機械認定外の⑧ナイスプレーアスク(1-1-1-1・6着)で認定馬③は4-4-3-2。逃げ候補2頭以上という発火要件が単独認定時の誤特定を拾えない（→仮説26）
2026_shion_s,R40,1,1,逆行,中立,✕4の消し根拠を構造フィルタ(中28週の休養明け・鉄砲[0-0-0-1])で記録。点差・未経験は単独根拠にしていない as_of=稍重55%重40%不良5% ／【振り返り】記録した消し根拠（中28週の休養明け・鉄砲[0-0-0-1]）の④が1着。㉓紫苑Sのレース間隔データは取得失敗＝実測不在の指標を単独の消し根拠に使っていた（→R43）
2026_shion_s,R41,0,1,方向なし,中立,馬齢戦で全頭55.0kg・52.0〜53.0kg帯が存在せず条文としては非該当。ただし本条の趣旨(トリガー該当をnotesに書くだけで紐へ未接続のまま確定することの禁止)を8に準用し、更新2回目でワイド9-8に接続した as_of=稍重55%重40%不良5%
2026_centaur_s,R01,0,1,方向なし,中立,as_of=良65%稍重25%重10% / 単一データ点での軸変更なし
2026_centaur_s,R02,0,1,方向なし,中立,as_of=良65%稍重25%重10% / 包含済(R11)・名指し妙味馬の紐落ちなし
2026_centaur_s,R03,1,1,方向なし,中立,as_of=良65%稍重25%重10% / ◎⑨の根拠は独立3件(阪神芝1200=2戦2連対/単独ハナ成功率0.60・IQR0.015/重賞3勝・5歳)＝単一の不確実性依存でない。頭固定は行うがR12で○⑤と両置き ／【振り返り】条件非該当（独立3根拠）で措置対象0頭のため方向なし
2026_centaur_s,R04,0,1,方向なし,中立,as_of=良65%稍重25%重10% / ペーススコア11で中立域(4-6)でない。逃げ認定2頭で単騎宣言の条件を満たさない
2026_centaur_s,R05,0,1,方向なし,中立,as_of=良65%稍重25%重10% / 包含済(R11)
2026_centaur_s,R06,0,1,方向なし,中立,as_of=良65%稍重25%重10% / 包含済(R11)・軸の移動なし
2026_centaur_s,R07,1,1,的中,中立,as_of=良65%稍重25%重10% / ✕⑥プロトポロスの好走条件を確認(前走CBC賞4着=中京芝1200の坂ある1200・53.0kg・17番人気)したうえで斤量+4.0kgの構造フィルタで消し
2026_centaur_s,R08,1,1,方向なし,中立,as_of=良65%稍重25%重10% / 買い目構築前にA本線(前残り〜好位残り)・B対抗(前崩れ)でロック
2026_centaur_s,R09,0,1,方向なし,中立,as_of=良65%稍重25%重10% / R<1.5該当なし(最小⑧1.68)
2026_centaur_s,R10,0,1,方向なし,中立,as_of=良65%稍重25%重10% / 函館記念専用・本レース非該当
2026_centaur_s,R11,1,1,空振り,中立,as_of=良65%稍重25%重10% / ⑪ヨシノイースターfinal5位84.6を印から外す格下げ。独立2根拠=(1)8歳で㉒補足の6歳以上44頭0勝(2)近5走のGI12着・GII6着＝格上で通用の裏付けなし。あわせて三連複相手・三連単3着列に保全
2026_centaur_s,R12,1,1,的中,中立,as_of=良65%稍重25%重10% / 三連単F頭に◎⑨・○⑤を両置き(8点)・頭1点固定なし ／【振り返り】頭列⑨・⑤のうち⑨が2着で的中。※頭捕捉基準では0（1着③は頭列外・▲で3着列のみ）
2026_centaur_s,R13,0,1,方向なし,中立,as_of=良65%稍重25%重10% / G2のためG1限定条項は非適用
2026_centaur_s,R14,0,1,方向なし,中立,as_of=良65%稍重25%重10% / 確定後の照会なし
2026_centaur_s,R15,1,1,方向なし,中立,as_of=良65%稍重25%重10% / ◎○▲△✕各1頭・☆1頭(堅帯域は0〜1頭)・総数6頭
2026_centaur_s,R16,1,1,方向なし,中立,as_of=良65%稍重25%重10% / 包含済(validate.py)。三連複4点・ワイド4点・三連単F8点を列挙で検算し計3000円
2026_centaur_s,R17,0,1,方向なし,中立,as_of=良65%稍重25%重10% / 本レースはorigin_raceでない
2026_centaur_s,R18,1,1,方向なし,中立,as_of=良65%稍重25%重10% / 全発火行に馬名・数値入り根拠を記載
2026_centaur_s,R19,1,1,方向なし,中立,as_of=良65%稍重25%重10% / 暫定ルールを台帳statusどおり適用・セッション中の改廃なし
2026_centaur_s,R20,1,1,的中,中立,as_of=良65%稍重25%重10% / A本線(前残り〜好位残り)に対し◎⑨逃げ・○⑤先行・▲③逃げで整合。追込の⑫は△に留め▲以上へ上げていない＝本条項の要件に非抵触
2026_centaur_s,R21,0,1,方向なし,中立,as_of=良65%稍重25%重10% / R03で◎の頭固定を弱めていない
2026_centaur_s,R22,0,1,方向なし,中立,as_of=良65%稍重25%重10% / 包含済(validate.py)
2026_centaur_s,R23,0,1,方向なし,中立,as_of=良65%稍重25%重10% / 堅帯域(荒れ度1)のため非適用。ただしR31で軸抜け保全を別途実施
2026_centaur_s,R24,1,1,空振り,中立,as_of=良65%稍重25%重10% / 妙味閾値到達で紐採用した⑫⑩⑪は三連複相手・三連単3着列の両方に統一。⑭はワイド1点のみ＝欠落理由をR32行に記録
2026_centaur_s,R25,1,1,空振り,中立,as_of=良65%稍重25%重10% / 発火8頭(②⑥⑩⑪⑬⑭⑮⑯)。全頭で根拠2走以上をbase_breakdownに明記
2026_centaur_s,R26,0,1,方向なし,中立,as_of=良65%稍重25%重10% / 3歳上の別定戦で2歳戦でない(D⑲も明記)
2026_centaur_s,R27,0,1,方向なし,中立,as_of=良65%稍重25%重10% / 廃止済(R29へ統合)
2026_centaur_s,R28,1,1,空振り,中立,as_of=良65%稍重25%重10% / 堅帯域の券種(三連複軸2頭+ワイド+三連単)を全て保持・予算比2100:900=70:30を維持
2026_centaur_s,R29,1,1,方向なし,中立,as_of=良65%稍重25%重10% / 副シナリオ稍重25%・重10%。道悪でも前崩れを本線にせずA(前残り〜好位残り)を維持。ハナ争い当事者③⑨への0.85係数は不適用
2026_centaur_s,R30,1,1,方向なし,中立,as_of=良65%稍重25%重10% / 当日発表(曇・良・クッション8.4・含水率13.0/14.2)を発走時点の馬場として確定させず。以後の降水予報(曇りのち雨・昼前〜レース前に降り始め・想定雨量0〜40mm)とセットで3シナリオ保持
2026_centaur_s,R31,1,1,空振り,中立,as_of=良65%稍重25%重10% / 軸⑨⑤が同時に3着内を外すと三連複・三連単・ワイド5-9が全失効するため、軸抜けを拾うワイド12-11・12-10を併設 ／【振り返り】軸⑤が8着で全券種が失効。軸⑨は2着で生きていたが「軸の一方だけが残る形」を拾う券種が無く、本条の軸抜け保全は非軸ペアのみを想定していた（台帳の穴→R42へ）
2026_centaur_s,R32,1,1,空振り,中立,as_of=良65%稍重25%重10% / 券種間の紐集合を突合。三連複相手(③⑫⑩⑪)と三連単3着列(③⑫⑪⑩)は完全一致。⑭はワイド9-14のみ=欠落理由:妙味1位だがfinal12位で良[1-0-0-14]が構造的な壁のため良65%の主シナリオでは紐上限4頭に入らず稍重・重の保険として1点確保。③はワイド不在=欠落理由:三連複4点全通りと三連単8点中4点に含まれ重複保持は予算比70:30を崩す
2026_centaur_s,R33,0,1,方向なし,中立,as_of=良65%稍重25%重10% / 阪神芝1200はコーナー戦・直線競走でない
2026_centaur_s,R34,1,1,的中,中立,as_of=良65%稍重25%重10% / base最上位は③(82)。final90.2で2位タイ＝▲で印圏内・圏外落ちなし
2026_centaur_s,R35,1,1,空振り,中立,as_of=良65%稍重25%重10% / ☆⑩ヤブサメはR=5.05≧4.0で裏付けあり。R<4.0の☆は置いていない
2026_centaur_s,R36,1,1,空振り,中立,as_of=良65%稍重25%重10% / final上位2頭=⑤96.0と③⑨90.2同点。⑤-⑨はワイド1点と三連複全点で保持、⑤-③は三連複(9-5-3)と三連単4点で保持 ／【振り返り】final上位2頭が⑤96.0と③⑨90.2の同点で実質3頭。3ペアのうち⑤-⑨(ワイド)と⑤-③(三連複・三連単)は保持したが、実際に来た⑨-③の単独ペアだけが不在でワイド3-9=330円を取り逃した（→R42）
2026_centaur_s,R37,1,1,空振り,中立,as_of=良65%稍重25%重10% / 非軸ペア=ワイド12-11・12-10の2点で2点以上を確保。人気層は⑫7人気・⑪6人気・⑩12人気で軸(⑨3人気・⑤4人気)の±2以内同士に固めていない
2026_centaur_s,R38,0,1,方向なし,中立,as_of=良65%稍重25%重10% / 5走距離帯(1000-1400m)に出走ゼロの馬は0頭。境界事例⑤(1200m自体が近5走ゼロ)は血統適用±0の理由を記録・◎⑨の独立2根拠は当該距離帯内の実績で第2文にも非該当
2026_centaur_s,R39,1,1,方向なし,中立,as_of=良65%稍重25%重10% / 発火要件充足(逃げ候補2頭・内③に単独ハナ実績2/5・外⑨に番手好走歴)。競り合い型(B)と隊列確定型(A)を並列化し内外関係/必逃・番手可/主張実績を各1行記録。ペース算式・閾値は不変 ／【振り返り】隊列確定型Aが実現（⑨がハナ・③が番手）。前半3F32.8のハイペースでも1-2着は4角1〜2番手
2026_centaur_s,R40,1,1,的中,中立,as_of=良65%稍重25%重10% / ✕⑥プロトポロス 消し根拠=構造フィルタ:前走CBC賞4着は53.0kgで今回別定57.0kg(+4.0kg)。同斤量帯の近走は北九州記念(重)12着・L15着・L11着で馬券内0。点差は根拠に使用していない
2026_centaur_s,R41,0,1,方向なし,中立,as_of=良65%稍重25%重10% / 別定戦のため対象外(補正表㉒が明記)
2026_st_lite_kinen,R01,0,1,方向なし,中立,as_of=稍重(想定55%・重25%・良20%) / 単一データ点で軸を覆していない。◎10は弥生賞1着とダービー3着の2走を根拠にしている
2026_st_lite_kinen,R03,1,1,方向なし,中立,as_of=稍重(想定55%・重25%・良20%) / ◎10バステールの根拠は弥生賞1着(中山芝2000G2)とダービー3着0.1差の独立2根拠。いずれも2000〜2400で当該距離帯(2200±200)内につきR38接続も充足。頭固定可 ／【振り返り】◎⑩は13着。独立2根拠で単一不確実性依存の◎に該当せず抑制対象が存在しない(セントウルS2026同型)・頭固定系券種の購入もなし
2026_st_lite_kinen,R04,0,1,方向なし,中立,as_of=稍重(想定55%・重25%・良20%) / ペーススコア12は中立域(4〜6)ではなく単騎逃げも不在。該当場面なし
2026_st_lite_kinen,R08,1,1,方向なし,中立,as_of=稍重(想定55%・重25%・良20%) / ペースシナリオ(中立本線・前残り/前崩れ並列)を買い目構築前にロックした
2026_st_lite_kinen,R09,1,1,空振り,中立,as_of=稍重(想定55%・重25%・良20%) / #9サノノグレーターR=1.17<1.5。頭固定回避のみ適用し複勝圏からは除外せず、三連複A相手・三連複B相手・ワイド4-9/2-9/16-9に保全 ／【振り返り】保全した⑨は11着(4角11番手)
2026_st_lite_kinen,R10,0,1,方向なし,中立,as_of=稍重(想定55%・重25%・良20%) / 函館記念ではない
2026_st_lite_kinen,R11,0,1,方向なし,中立,as_of=稍重(想定55%・重25%・良20%) / 初回予想で上位評価から格下げした馬はない
2026_st_lite_kinen,R12,0,1,方向なし,中立,as_of=稍重(想定55%・重25%・良20%) / 中帯域につき三連単Fを購入しない(配分表2026-08-03改訂)。三連単の頭要件は該当場面なし
2026_st_lite_kinen,R13,0,1,方向なし,中立,as_of=稍重(想定55%・重25%・良20%) / G1限定ルール。本レースはG2につき不適用
2026_st_lite_kinen,R14,0,1,方向なし,中立,as_of=稍重(想定55%・重25%・良20%) / 予想確定後の個別馬照会なし
2026_st_lite_kinen,R18,1,1,方向なし,中立,as_of=稍重(想定55%・重25%・良20%) / 本ゲートの全発火行に馬名・数値入りの根拠を記載した
2026_st_lite_kinen,R20,0,1,方向なし,中立,as_of=稍重(想定55%・重25%・良20%) / 前残りを本線と宣言していない(本線=中立)。該当場面なし
2026_st_lite_kinen,R21,0,1,方向なし,中立,as_of=稍重(想定55%・重25%・良20%) / R03で◎10の頭固定を弱めていないため該当場面なし
2026_st_lite_kinen,R23,0,1,方向なし,中立,as_of=稍重(想定55%・重25%・良20%) / 中帯域につき荒帯域条項は不適用。ただしR31の分散は別途充足
2026_st_lite_kinen,R24,1,1,空振り,中立,as_of=稍重(想定55%・重25%・良20%) / 妙味閾値5以上は#4(7.2)・#1(6.2)・#3(6.2)。#4と#1は三連複B相手とワイドで全面採用。三連複Aの相手6頭はfinal上位6頭に限定したため#4・#1が欠落=欠落理由あり。#3は㉓穴紐フィルタ非該当(4角3番手以内でも上がり3位以内でもない)につき全券種不採用 ／【振り返り】妙味閾値到達の④10着・①14着・③8着でいずれも3着外
2026_st_lite_kinen,R25,1,1,空振り,中立,as_of=稍重(想定55%・重25%・良20%) / base70未満かつ1年内に重賞4着以内/L勝ちは#3(G3 4着)・#4(G3 3着)・#12(L勝ち)。3頭とも近走全確認のうえ根拠2走をbase_breakdownに明記した ／【振り返り】精査対象③8着・④10着・⑫7着でいずれも3着外。1着⑦(base58)はL2着・前走1勝1着で本条の発火条件(重賞4着以内またはOP・L勝ち)を満たさず対象外(仮説30)
2026_st_lite_kinen,R26,0,1,方向なし,中立,as_of=稍重(想定55%・重25%・良20%) / 2歳戦ではない(3歳限定G2)
2026_st_lite_kinen,R28,1,1,空振り,中立,as_of=稍重(想定55%・重25%・良20%) / 中帯域の指定券種=三連複軸1頭＋ワイドを維持。予算比は堅実1500:穴1500=50:50で帯域表どおり。券種の欠落なし ／【振り返り】中帯域の三連複＋ワイド・50:50を維持したが全券種不的中
2026_st_lite_kinen,R29,1,1,方向なし,中立,as_of=稍重(想定55%・重25%・良20%) / 想定馬場は稍重55%/重25%/良20%で道悪シナリオを25%持つ。ペーススコア12(前崩れ域)でも前崩れを本線にせず中立を本線にした ／【振り返り】前崩れを本線にしなかったところ実際は前半5F62.5/後半5F58.8の3.7秒後傾スローで前崩れ不成立
2026_st_lite_kinen,R30,1,1,方向なし,中立,as_of=稍重(想定55%・重25%・良20%) / 日曜の降水予報はなし(曇27℃)。金曜10:30の含水率・クッション値を発走時点の馬場として採用せず、想定馬場は確率宣言に留めた ／【振り返り】発表馬場は稍重(JRA公式)で主シナリオと一致
2026_st_lite_kinen,R31,1,1,的中,中立,as_of=稍重(想定55%・重25%・良20%) / 軸◎10が3着内を外すと三連複A(15点)は全滅するため、#10を含まない三連複B(6点)とワイド非軸ペア7点を併設した ／【振り返り】軸⑩が13着で軸抜けが実際に発生し、併設した三連複Bの軸②が3着。ただし④10着で三連複Bは失効・非軸ワイド7点も3着内2頭の組を含まず回収には届かず
2026_st_lite_kinen,R32,1,1,的中,中立,"as_of=稍重(想定55%・重25%・良20%) / 紐の券種間突合。三連複A相手(2,8,5,6,16,9)に対し三連複B相手は(8,5,6,16,9,1)で#1を追加・#2は軸へ移動。ワイドは(2,4,16,9,1,10)で#8・#5・#6が欠落=欠落理由あり(ワイド9点の予算上限900円内で非軸ペアの確保を優先した) ／【振り返り】ワイドから欠落理由つきで外した⑥が2着。券種間で紐を揃えていればワイド2-6(1100円)が的中していた。保全先の三連複A・Bは⑩・④依存で届かず(紫苑S2026のR32と同型)"
2026_st_lite_kinen,R33,0,1,方向なし,中立,as_of=稍重(想定55%・重25%・良20%) / 直線競走ではない(中山芝2200外回り)
2026_st_lite_kinen,R34,1,1,空振り,中立,as_of=稍重(想定55%・重25%・良20%) / base最上位は#10バステール(85)でfinal順位も1位。◎○▲☆の圏外へ落ちていない ／【振り返り】base最上位⑩はfinal1位のまま◎で13着(4角15番手)
2026_st_lite_kinen,R35,1,1,空振り,中立,as_of=稍重(想定55%・重25%・良20%) / ☆#4リッツパーティーR=5.24・☆#1ウェイクフィールドR=8.63。いずれもR≧4.0で追加要件は非該当 ／【振り返り】☆④10着・☆①14着
2026_st_lite_kinen,R36,1,1,空振り,中立,as_of=稍重(想定55%・重25%・良20%) / final上位2頭は#10(105.0)と#2(95.0)。三連複A(軸10・相手に2)に10-2-xの直積が5点存在する ／【振り返り】final上位2頭の直積10-2は⑩13着で不成立
2026_st_lite_kinen,R37,1,1,空振り,中立,as_of=稍重(想定55%・重25%・良20%) / 軸#10を含まない非軸ペアはワイドの2-4/2-16/4-16/4-9/2-9/16-9/4-1=7点。人気同層への固まりも回避(#2は6人気・#4は12人気・#16は8人気・#9は3人気で軸#10の1人気±2に閉じていない) ／【振り返り】非軸ペア7点(2-4/2-16/4-16/4-9/2-9/16-9/4-1)はいずれも3着内2頭の組を含まず
2026_st_lite_kinen,R38,1,1,空振り,中立,as_of=稍重(想定55%・重25%・良20%) / #11ミリオンクラウンは近5走1600〜1800で当該距離帯(2000〜2400)の出走なし。血統適用=該当条文なし±0(父リーチザクラウン・母父パイロは血統データ全節にgrep0件・未経験は不利でなく未知) ／【振り返り】未経験±0の⑪は16着(大差)
2026_st_lite_kinen,R39,1,1,方向なし,中立,as_of=稍重(想定55%・重25%・良20%) / 逃げ認定3頭(#1単独ハナ1/5・#7同0.40・#11同1/5)。内の#1にハナ実績があり外の#11が番手可。主張実績は取得失敗のため競り合い型と隊列確定型を同確率で並列し、前崩れを単独本線にしなかった ／【振り返り】隊列確定型が実現(①が1角先手・⑤番手・⑦3番手で競り合いなし)。主導権本線とした⑦は1角2番手
2026_st_lite_kinen,R40,1,1,的中,中立,as_of=稍重(想定55%・重25%・良20%) / ✕#14ティラーノ 消し根拠=条件不適合:2200m4走で勝ちは未勝利戦のみ・格上挑戦は1勝クラス10着とG2 12着 ／【振り返り】✕⑭は15着で消しが正しい方向
2026_st_lite_kinen,R41,0,1,方向なし,中立,as_of=稍重(想定55%・重25%・良20%) / 馬齢戦で全頭57.0kg。52.0〜53.0kg該当馬なし
2026_st_lite_kinen,R42,1,1,的中,中立,"as_of=稍重(想定55%・重25%・良20%) / 軸∪紐プール={10,2,8,5,6,16,9,4,1}の全36ペアのうちワイドで確保したのは9ペア。欠落27ペアの理由=予算3000円・中帯域の券種構成(三連複軸1頭＋ワイド)ではワイドの上限が900円9点であり、3頭同時の形は三連複2本で網羅済みのため非軸ペアと☆絡みの確保を優先した ／【振り返り】一括理由で欠落させた27ペアに実際の3着内ペア2-6(ワイド1100円)が含まれていた。欠落理由の「3頭同時の形は三連複2本で網羅済み」は2-6については{10,2,6}{2,4,6}の2通りしか持たず成立していなかった(仮説31)"
2026_st_lite_kinen,R43,1,1,的中,中立,as_of=稍重(想定55%・重25%・良20%) / ✕#14の消し根拠は当該馬自身のn=4実績(references/脚質認定_2026-09-13_セントライト記念.md §1 #14)で所在を併記済み。n≧3を満たす ／【振り返り】✕⑭(自己実績n=4)は15着
2026_rose_s,R09,1,1,的中,中立,as_of=良(想定95%・稍重5%) / #7モンローウォーク R=0.82<1.5(前日中間の単勝1.4倍・複勝上限1.7)。頭固定回避のみ適用し複勝圏からは除外せず、三連複(堅実)相手・三連複(穴)2列目・ワイド12-7に保全 / 出所=HANDOFF §5-3とpredictions.notes(いずれも予想時記録)を振り返り時に転記 ／【振り返り】保全した⑦が1着(4角2番手・上がり34.1最速タイ)。保全先はすべて軸⑫依存(三連複2本・ワイド12-7)で⑫12着により回収に届かず
2026_rose_s,R32,1,1,的中,中立,as_of=良(想定95%・稍重5%) / 欠落理由=⑧ミリタリータトゥー（妙味5.0・R4.44）は脚質未確定かつ最上位実績が1勝クラスで、予算30点の枠内では☆⑤⑨を優先 / 出所=HANDOFF §3-4(ゲート①②の他行は未同梱) ／【振り返り】紐の突合対象だった②⑥⑦が1-3着(②⑥は三連複相手とワイド2-6・⑦は三連複相手とワイド12-7に在)。欠落理由で外した⑧は5着で逆行なし。回収はワイド2-6の480円のみで突合自体は損益に寄与していない
2026_rose_s,R42,1,1,的中,中立,"as_of=良(想定95%・稍重5%) / 欠落理由=予算3000円・単価100円で30点が上限、うち20点を三連系に配分したため非軸ペアはfinal上位②絡みに限定 / 出所=HANDOFF §3-4(ゲート①②の他行は未同梱) ／【振り返り】軸∪紐プール{12,2,6,11,3,7,5,9}の28ペアのうちワイドは10ペアで欠落18ペア。一括理由で欠落させた中に3着内ペア2-7(ワイド280円)・6-7(同260円)が含まれていた。2-6(480円)は保持。欠落2ペアはいずれも⑦(final8位)を含み、軸・☆を含まないfinal上位6頭同士には該当しない(仮説31の(c)非該当・(d)一括)"
2026_rose_s,R43,1,0,空振り,違反したが結果OK,as_of=良(想定95%・稍重5%) / #10スウィートハピネスはv4の✕プール唯一の該当(S列C/C/C)だが消し根拠に実測所在がなく✕を付けず無印とした(predictions.notesとHANDOFF §3-4「✕は付けない(R43)」・いずれも予想時記録) / 出所=予想時記録を振り返り時に転記 ／【振り返り】R43後段の「3着紐に保全する」がbets.csvに無く(⑩は全4券種に不在)、予想時ゲートはfollowed=0が0件の扱いだったが条文上は不遵守。⑩は7着(4角7番手・上がり34.8)で保全していても結果は同じ
2026_challenge_cup,R01,0,1,,,軸を単一データ点で覆していない。◎10は工程6の最終点1位のまま確定 / as_of=良75%稍重25%(予想時)
2026_challenge_cup,R03,1,1,,,◎10タガノデュードの根拠は(1)大阪杯G1(阪神芝2000内)4着(2)近4走上がり3位以内3回・上がり差0.10秒の2つで単一の不確実性に依存しない。中12週の休み明けは不確実性として残るため三連単(頭固定)を採らず三連複軸1頭流し(順不同)で構成 / as_of=良75%稍重25%(予想時)
2026_challenge_cup,R04,0,0,,,ペーススコア12で中立帯(4-6)に該当せず。単騎逃げも不成立(逃げ認定3頭) / as_of=良75%稍重25%(予想時)
2026_challenge_cup,R08,1,1,,,ペースシナリオ(A競り合い型本線/B隊列確定型対抗)を工程5終了時にロックし、買い目構築中に変更していない / as_of=良75%稍重25%(予想時)
2026_challenge_cup,R09,0,0,,,R値1.5未満の馬は0頭(最小は2ジーティーダーリンのR1.70) / as_of=良75%稍重25%(予想時)
2026_challenge_cup,R10,0,0,,,函館記念限定条項につき非該当 / as_of=良75%稍重25%(予想時)
2026_challenge_cup,R11,0,0,,,上位評価・名指しした馬の格下げなし(初回予想) / as_of=良75%稍重25%(予想時)
2026_challenge_cup,R12,0,0,,,三連単を採用しない(中帯域の券種は三連複+ワイド)ため該当場面なし / as_of=良75%稍重25%(予想時)
2026_challenge_cup,R13,0,0,,,G1限定条項。本レースはG3につき非該当 / as_of=良75%稍重25%(予想時)
2026_challenge_cup,R18,1,1,,,発火ルールすべてに馬名・数値入りの根拠を記載 / as_of=良75%稍重25%(予想時)
2026_challenge_cup,R20,0,0,,,本線は競り合い型(前崩れ寄り)であり前残り本線ではないため該当場面なし / as_of=良75%稍重25%(予想時)
2026_challenge_cup,R21,0,0,,,R03で◎の頭固定を弱めた結果として三連単を採らなかったため、三連単の2・3着列への全通り包含は該当場面なし。◎10は三連複の全10点に含まれる / as_of=良75%稍重25%(予想時)
2026_challenge_cup,R23,0,0,,,荒帯域限定条項。本レースは中帯域(荒れ度3)につき非該当 / as_of=良75%稍重25%(予想時)
2026_challenge_cup,R24,0,0,,,妙味閾値(中帯域は5)到達馬は0頭。最上位は3センツブラッドと14ミッキーゴールドの3.0 / as_of=良75%稍重25%(予想時)
2026_challenge_cup,R25,1,1,,,base70未満かつ1年内に重賞4着以内を持つのは3センツブラッド(1800G3 2着・2000稍重G3 4着)、5ピースワンデュック(函館記念G3 3着・2000良G3 5着)、12レーゼドラマ(2000良G3 3着・2000良OP 1着)の3頭。いずれも5走精査のうえ根拠2走をbase_breakdownに明記 / as_of=良75%稍重25%(予想時)
2026_challenge_cup,R26,0,0,,,2歳戦ではない(3歳上G3) / as_of=良75%稍重25%(予想時)
2026_challenge_cup,R29,0,0,,,想定馬場は良75%・稍重25%で重・不良ではないため該当場面なし / as_of=良75%稍重25%(予想時)
2026_challenge_cup,R28,1,1,,,中帯域の券種構成(三連複軸1頭+ワイド)と予算比50:50を維持。三連複1500円・ワイド1500円で券種の落としなし / as_of=良75%稍重25%(予想時)
2026_challenge_cup,R30,0,0,,,降水継続中ではなく発走時間帯の降水確率も高くない(曇・昼過ぎまでにわか雨の可能性)。当日実馬場での組み替えは行っていない / as_of=良75%稍重25%(予想時)
2026_challenge_cup,R31,1,1,,,軸10タガノデュードが3着内を外すと三連複10点は全滅するため、軸を含まないワイド11点(3-8/3-13/3-15/3-11/3-9/3-14/14-8/14-13/14-15/14-11/14-9)を併設。軸選定理由もraces.notesに記録 / as_of=良75%稍重25%(予想時)
2026_challenge_cup,R32,1,1,,,"三連複相手{8,13,15,11,9}とワイド{3,14,10,8,13,15,11,9,6}を突合。三連複に不在の3・14・6は欠落理由をraces.notesに記録(紐5〜6頭上限と予算制約) / as_of=良75%稍重25%(予想時)"
2026_challenge_cup,R33,0,0,,,直線競走ではない(阪神芝2000m内回り・4コーナー) / as_of=良75%稍重25%(予想時)
2026_challenge_cup,R34,0,0,,,base最上位は10タガノデュード(78)で最終点も1位。係数・加算層による圏外落ちなし / as_of=良75%稍重25%(予想時)
2026_challenge_cup,R35,1,1,,,☆2頭はいずれもR>=4.0(3センツブラッドR4.79・14ミッキーゴールドR4.64)。R<4.0の☆はなく保全義務は発生しない / as_of=良75%稍重25%(予想時)
2026_challenge_cup,R36,1,1,,,final上位2頭は10タガノデュード(88.8)と8カラマティアノス(87.4)。直積をワイド10-8で1点確保(保全=R36)。三連複10点のうち4点も両馬を含む / as_of=良75%稍重25%(予想時)
2026_challenge_cup,R37,1,1,,,軸10を含まない紐同士のペアはワイド11点。人気層は3(13人気)×9(1人気)、14(11人気)×8(8人気)等で軸(4人気)±2以内同士に固まっていない / as_of=良75%稍重25%(予想時)
2026_challenge_cup,R38,0,0,,,近5走に当該距離帯(1800-2200m)の出走が1走もない馬は16頭中0頭。16マテンロウスカイも1800稍重12着G3を1走持つため非該当 / as_of=良75%稍重25%(予想時)
2026_challenge_cup,R39,1,1,,,逃げ認定3頭(2ジーティーダーリン単独ハナ0.20・5ピースワンデュック0.60・12レーゼドラマ0.60)。内外関係=最内1枠2に対し5は3枠・12は6枠。必逃性=5と12はともに近5走r_med0.0の必逃型、2はr_med0.077だが単独ハナ1/5で番手可。主張実績=取得失敗。先手後の競り込み=外の12が内の5に競りかける必要あり。競り合い型Aと隊列確定型Bを工程5で並列化し、材料不足の主張実績を理由にAを本線としつつBを消していない / as_of=良75%稍重25%(予想時)
2026_challenge_cup,R40,1,1,,,✕は16マテンロウスカイの1頭。消し根拠=展開不適合:近4走の上がり3位以内0/4・上がり差中央値1.75秒をpredictions.notesに記録。最終点・base点差は根拠に用いていない / as_of=良75%稍重25%(予想時)
2026_challenge_cup,R41,1,1,,,斤量52.0〜53.0kg該当は6カネフラ(53.0kg)の1頭。無印だがワイド10-6(100円・保全=R41)で3着紐に確保 / as_of=良75%稍重25%(予想時)
2026_challenge_cup,R42,1,1,,,"軸∪紐プール{10,8,13,15,11,9,3,14,6}の36ペアを列挙。ワイドに存在するのは15ペアで、残21ペアはraces.notesに欠落理由=を1行記録(中帯域の紐上限と予算3000円の制約による意図的非採用) / as_of=良75%稍重25%(予想時)"
2026_challenge_cup,R43,1,1,,,✕16マテンロウスカイの消し根拠は(1)実測所在=レース別_過去傾向データ.md ㉙「上がり3F」節の上がり4位以下【1-5-5-61】15.3%(2)自己実績n=4(上がり3位以内0/4)の双方を充足。斤量58.0kgは㉙に実測がない(57.5kgがn=1のみ)ため8・10・15・16の加減点に用いていない / as_of=良75%稍重25%(予想時)
2026_all_comers,R01,1,1,空振り,中立,軸⑨コスモキュランダは最終点86.0(13頭中2位)と道悪芝2200G1の4角1番手4着の2点で置き、工程6以降動かしていない / as_of=不良(想定・不良55%重35%稍重10%) / V4判定=軸⑨コスモキュランダは11着で3着内に絡まず。軸を動かさなかったこと自体は結果を変えていない
2026_all_comers,R03,1,1,的中,中立,◎⑨の根拠は(a)道悪芝2200G1を4角1番手で4着(b)最終点86.0で2位の2つ。ただし両根拠の前提がハナ争いという単一の不確実性に乗るため三連単系を採らず三連複軸1頭流しに留めた / as_of=不良(想定・不良55%重35%稍重10%) / V4判定=◎⑨は11着＝1着でない。頭固定にしない判断は結果に照らして正しい方向
2026_all_comers,R04,0,1,方向なし,中立,ペーススコア9かつ逃げ認定2頭(⑨⑪)で単騎が不成立(プロファイル§3-2)。想定馬場も良ではないため該当場面なし / as_of=不良(想定・不良55%重35%稍重10%) / V4判定=fired=0（単騎不成立で該当場面なし）
2026_all_comers,R08,1,1,方向なし,中立,工程4で隊列確定型A本線/競り合い型B対抗をロックし、工程11の買い目構築中にシナリオを変更していない / as_of=不良(想定・不良55%重35%稍重10%) / V4判定=direction=手続き
2026_all_comers,R09,1,1,空振り,中立,⑦レガレイラ R=3.2÷2.6=1.23<1.5。三連単系を組まず、三連複Aの相手6頭とワイド5点で複勝圏に保持した / as_of=不良(想定・不良55%重35%稍重10%) / V4判定=対象の⑦レガレイラは4着で3着内に絡まず。複勝圏に残した判断は損得を生んでいない
2026_all_comers,R10,0,1,方向なし,中立,函館記念固有の条文。本レースは中山芝2200・別定につき該当場面なし / as_of=不良(想定・不良55%重35%稍重10%) / V4判定=fired=0（函館記念固有の条文）
2026_all_comers,R11,1,1,空振り,中立,base1位の⑦レガレイラ(88)を○に置いたのは格下げでなく工程10の◎○順序規定。⑦は三連複A・三連複B・ワイドの全券種に保持。名指しした☆②(妙味6.2)は三連複A、☆⑤(5.2)は三連複Bで3着紐に保全 / as_of=不良(想定・不良55%重35%稍重10%) / V4判定=保全対象の⑦4着・☆②5着・☆⑤12着でいずれも3着内なし
2026_all_comers,R12,0,1,方向なし,中立,三連単系を採用しない(中帯域の券種表＝三連複軸1頭＋ワイド、かつ⑦のR=1.23)。該当場面なし / as_of=不良(想定・不良55%重35%稍重10%) / V4判定=fired=0（三連単系を採用せず）
2026_all_comers,R13,0,1,方向なし,中立,G2につきG1限定条文の対象外。なお1番人気⑦レガレイラは○で全券種に保持 / as_of=不良(想定・不良55%重35%稍重10%) / V4判定=fired=0（G2につきG1限定条文の対象外）
2026_all_comers,R14,0,1,方向なし,中立,予想確定後の個別馬照会は本セッションで発生していない / as_of=不良(想定・不良55%重35%稍重10%) / V4判定=fired=0（予想確定後の照会なし）
2026_all_comers,R17,0,1,方向なし,中立,振り返り工程の条文。本セッションは予想のみ / as_of=不良(想定・不良55%重35%稍重10%) / V4判定=fired=0（本セッションは予想のみ）
2026_all_comers,R18,1,1,方向なし,中立,本表の全発火行に馬名と数値入りの根拠1行を記載した / as_of=不良(想定・不良55%重35%稍重10%) / V4判定=direction=手続き
2026_all_comers,R19,1,1,方向なし,中立,台帳のstatusどおりに適用し、直近レースの結果を理由とした緩和・改廃を行っていない / as_of=不良(想定・不良55%重35%稍重10%) / V4判定=direction=手続き
2026_all_comers,R20,1,1,的中,中立,本線は中立〜前残り。▲以上は◎⑨(逃げ)・○⑦(差し)・▲⑬(先行)。差しの⑦を○に置く独立2根拠＝(a)㉖の上がり1位【5-3-2-4】71.4%(b)本馬の上がり3位以内3/4かつ上がり差中央値0.00秒。位置も想定4角6.8で決着帯mid=6の近傍 / as_of=不良(想定・不良55%重35%稍重10%) / V4判定=▲以上に上げた差しの○⑦レガレイラは4着で3着内外。差し・追込の昇格を抑制する向きは結果に照らして正しかった
2026_all_comers,R21,1,1,空振り,中立,R03で◎⑨の頭固定を外したが、三連複A(軸1頭流し15点)で⑨は2着3着の全通りに含まれる / as_of=不良(想定・不良55%重35%稍重10%) / V4判定=◎⑨を三連複Aの2着3着全通りに含めたが⑨は11着
2026_all_comers,R23,0,1,方向なし,中立,中帯域(荒れ度3)につき荒帯域限定の条文は非対象。なお⑨軸抜けはワイド非軸6点で分散している / as_of=不良(想定・不良55%重35%稍重10%) / V4判定=fired=0（中帯域につき荒帯域限定条文は非対象）
2026_all_comers,R24,1,1,空振り,中立,妙味5以上は②6.2・③6.2・⑤5.2。③は三連複A・ワイドの両方にあるが、②はワイドから、⑤はワイドと三連複Aから欠落。条文のエスケープどおり欠落理由をraces.notesの欠落理由=に記録 / as_of=不良(想定・不良55%重35%稍重10%) / V4判定=妙味5以上の②③⑤はいずれも3着外（5着・10着・12着）
2026_all_comers,R25,1,1,的中,中立,base70未満かつ近5走に重賞4着以内は④ヴーレヴー(base64・1800良3着G3)と⑫エセルフリーダ(base68・1800稍重1着G3)。両馬のbase_breakdownにR25精査=と根拠2走を記入。③リビアングラスは精査の結果base68→70へ引き上げた / as_of=不良(想定・不良55%重35%稍重10%) / V4判定=精査対象の④ヴーレヴー(base64・1800良3着G3と1800重1着OP)が3着。base70未満を凡走だけで下に置かない向きが正しかった
2026_all_comers,R26,0,1,方向なし,中立,3歳以上のG2でキャリア3戦以下が主体ではない。該当場面なし / as_of=不良(想定・不良55%重35%稍重10%) / V4判定=fired=0（2歳戦でない）
2026_all_comers,R28,1,1,空振り,中立,"中帯域の券種構成(三連複軸1頭＋ワイド)と予算比50:50を維持。堅実1,500円(三連複A)・穴1,500円(三連複B 600＋ワイド 900) / as_of=不良(想定・不良55%重35%稍重10%) / V4判定=分散先の三連複A・三連複B・ワイドはいずれも不的中"
2026_all_comers,R29,1,1,方向なし,中立,想定馬場が不良55%・重35%。ペーススコア9は前崩れ域だが本線を中立〜前残りに置いた。あわせてハナ争い当事者の⑨⑪に係数減点0.85を適用していない(⑨は適性1.10・⑪は1.10) / as_of=不良(想定・不良55%重35%稍重10%) / V4判定=direction=手続き。なお実結果は4角5番手以内で決着し前崩れを本線にしなかった判断と整合
2026_all_comers,R30,1,1,方向なし,中立,20日は06-12時・12-18時とも降水確率90%で予報は悪化方向。JRA馬場情報の9月18日正午値(芝ゴール前13.1%・4角14.1%)を発走時点の馬場として採用せず、不良55/重35/稍重10の確率宣言に留めた / as_of=不良(想定・不良55%重35%稍重10%) / V4判定=direction=手続き。確定馬場は重で朝の含水率(9月18日正午)を採らなかった判断と整合
2026_all_comers,R31,1,1,空振り,中立,三連複A・Bはいずれも⑨軸依存。(1)軸候補を最終点上位3頭(⑦104.6・⑨86.0・⑬82.4)で比較し道悪実績で⑨を選定、races.notesに軸選定=を記録。(2)ワイド9点のうち6点が非軸ペアで軸抜けの決着を拾う / as_of=不良(想定・不良55%重35%稍重10%) / V4判定=軸抜けを拾うために併設したワイド非軸6点は3着内ペア(1-4・4-8・1-8)をどれも含まず
2026_all_comers,R32,1,1,空振り,中立,"三連複Aの相手プール{7,13,3,4,12,2}・三連複Bの3着{7,13,3}・ワイドプール{9,7,13,3,4,12}を突合し、②⑤⑪がワイドから欠落。条文のエスケープどおり欠落理由をraces.notesに1行記録 / as_of=不良(想定・不良55%重35%稍重10%) / V4判定=券種間で欠落を記録した②⑤⑪はいずれも3着外（5着・12着・13着）"
2026_all_comers,R33,0,1,方向なし,中立,中山芝2200外はコーナー戦で直線競走ではない。該当場面なし / as_of=不良(想定・不良55%重35%稍重10%) / V4判定=fired=0（中山芝2200外はコーナー戦で直線競走でない）
2026_all_comers,R34,1,1,空振り,中立,base1位は⑦レガレイラ(88)。合成係数1.20と加算-1.0を経ても最終点104.6で13頭中1位、印は○で圏外に落ちていない / as_of=不良(想定・不良55%重35%稍重10%) / V4判定=base1位の⑦レガレイラは圏外に落ちず○で保持したが4着
2026_all_comers,R35,1,1,空振り,中立,☆②ワイドエンペラー R=33.0÷6.7=4.93、☆⑤アスクドゥポルテ R=99.6÷12.8=7.78。いずれもR≧4.0の優先条件を満たす / as_of=不良(想定・不良55%重35%稍重10%) / V4判定=☆②(R4.93)5着・☆⑤(R7.78)12着でR≧4.0の優先条件は結果に結びつかず
2026_all_comers,R36,1,1,空振り,中立,最終点上位2頭は⑦(104.6)と⑨(86.0)。直積をワイド9-7の1点で保持 / as_of=不良(想定・不良55%重35%稍重10%) / V4判定=final上位2頭の直積ワイド9-7は⑨11着・⑦4着で失効
2026_all_comers,R37,1,1,空振り,中立,軸⑨を含まないペアはワイドの7-13・7-3・7-4・7-12・13-3・3-4の6点で2点以上を確保。人気層も1人気⑦と10人気③などに散らしている / as_of=不良(想定・不良55%重35%稍重10%) / V4判定=軸を含まないペア6点はいずれも3着内ペアを含まず
2026_all_comers,R38,0,1,方向なし,中立,13頭全頭が近5走に当該距離帯±200m(2000〜2400m)の出走あり(プロファイル§3-4)で該当場面なし。芝2200m実走が無い6頭のうち①④⑩⑫には血統A節の距離延長項を+1で計上し、⑤(近5走に3000m)⑪(3400m・2600m)は延長でないため±0とした / as_of=不良(想定・不良55%重35%稍重10%) / V4判定=fired=0（全頭が近5走に±200m内の出走あり）
2026_all_comers,R39,1,1,方向なし,中立,"逃げ認定⑨⑪＋ハナ実績1/5の⑩で3頭。内外関係=内側1〜5番にハナ実績馬なし・⑨(9番)が⑪(11番)より内／必逃性=⑨はr列[0.00,0.14,0.07,0.12]で一貫して前・⑪は単独ハナ2回とも1-1-1-2で番手可／主張実績=⑨は直近走の18頭立て1-1-1-1・⑪は575日前の2走／先手後の競り込み=⑪は休養575日で外から競りかける裏付けなし。同確率とせず隊列確定型をA本線・競り合い型をB対抗とした / as_of=不良(想定・不良55%重35%稍重10%) / V4判定=direction=手続き。並列化した2型（隊列確定型・競り合い型）のどちらにも⑧メイショウゲキリンの単騎逃げは含まれておらず、候補集合自体の穴はV4.5-L2で①へルーティング"
2026_all_comers,R40,1,1,的中,中立,✕は⑩コスモブッドレアの1頭。predictions.notesに 消し根拠=条件不適合:近4走すべて二桁着順で上がり3位以内0/4かつ想定4角5.0で4角3番手以内も取れない:㉓穴紐フィルタ＋自己実績n=4 を記録 / as_of=不良(想定・不良55%重35%稍重10%) / V4判定=✕⑩コスモブッドレアは8着で3着内外。根拠を記録した消しの向きは正しかった
2026_all_comers,R41,0,1,方向なし,中立,本レースは別定戦(㉖斤量節『本レースは別定なのでR41の対象外』)。52.0〜53.0kgの馬も不在(最軽量は④⑫の55.0kg) / as_of=不良(想定・不良55%重35%稍重10%) / V4判定=fired=0（別定戦かつ52.0〜53.0kg不在）
2026_all_comers,R42,1,1,空振り,中立,軸∪紐プールは⑨⑦⑬③④⑫②⑤に保全対象の⑪を加えた9頭で36ペア。2頭券種(ワイド)の採用は9ペア。残27ペアの条文のエスケープどおり欠落理由をraces.notesに1行記録 / as_of=不良(想定・不良55%重35%稍重10%) / V4判定=軸∪紐プール9頭のうち3着内は④の1頭のみでプール内ペアが成立せず。採用9ペア・欠落27ペアとも3着内ペアを含まない
2026_all_comers,R43,1,1,空振り,中立,✕⑩の消し根拠は(1)㉓穴紐フィルタ(㉕㉖10年実測・r0.35〜0.70の中位かつ上がり4位以下は3着内0頭)と(2)自己実績n=4の両方を満たす。⑪セイウンプラチナは㉖の『人気薄の逃げ・番手を機械的に切ってはいけない』により(1)を満たす消し指標が無いため✕を付けず無印とし、三連複Bで3着紐に保全 / as_of=不良(想定・不良55%重35%稍重10%) / V4判定=✕を付けず保全した⑪セイウンプラチナは13着。✕を維持した⑩も8着
2026_kobe_shimbun_hai,R01,0,,方向なし,中立,工程6で確定した序列をそのまま印に反映しており、単一データ点で軸を覆す場面がない / as_of=良(予想時想定85%) / V4判定=fired=0（該当場面なし）
2026_kobe_shimbun_hai,R03,1,1,方向なし,中立,◎1ロブチェンの独立2根拠は(a)当該距離2400mの東京優駿1着(b)中山芝2000の急坂G1 2勝(ホープフルS・皐月賞)。R38の接続条項『2根拠とも当該距離帯外なら単一の不確実性』には(a)が距離帯内のため非該当。単一の不確実性には依存しないが、R09によりR=1.27<1.5のため頭固定は行わず三連単の1着は1と4の両置きにした / as_of=良(予想時想定85%) / V4判定=条文の成立要件『◎の根拠が単一の不確実性に依存』は非成立と判定しており(R21行も『R03は非発火』と記録)、頭固定回避はR09由来。R03自身は下向きの扱いを指示していない。◎①は1着
2026_kobe_shimbun_hai,R04,1,1,方向なし,中立,ペーススコア6=中立かつ想定良85%。逃げ認定0頭で単騎逃げの宣言自体は成立しないが、ハナが空いてテンが緩む公算が高いためスロー前残り(パターンA・隊列確定型)を並列で持った / as_of=良(予想時想定85%) / V4判定=direction=手続き。なお並列化したスロー前残りのパターンAは実ラップ3.5秒後傾のスローで隊列(③先手・⑧早め先頭)も一致
2026_kobe_shimbun_hai,R08,1,1,方向なし,中立,工程5の終了時に本線=中立(A隊列確定型／B競り合い型の並列)でロックし、以後の券種構成はこの前提のまま組んだ / as_of=良(予想時想定85%) / V4判定=direction=手続き
2026_kobe_shimbun_hai,R09,1,1,的中,中立,"R<1.5は3頭。#1ロブチェン1.27・#9グリーンエナジー1.10・#11ショウナンハヤナミ1.46。#1は三連単の1着を{1,4}両置きにして頭1点固定を回避し複勝圏には残した。#9と#11は紐プールに保持し複勝圏から外していない / as_of=良(予想時想定85%) / V4判定=R<1.5の3頭のうち①1着・⑨8着・⑪10着。複勝圏に残した①が1着で、複勝圏から外さない向きは正しかった。頭固定回避(三連単1着{1,4})は的中した1-4-8が①頭の側なので損益を動かしていない"
2026_kobe_shimbun_hai,R10,0,,方向なし,中立,函館記念の条文。本レースは阪神・馬齢戦で全頭57.0kg均一につき非該当 / as_of=良(予想時想定85%) / V4判定=fired=0（該当場面なし）
2026_kobe_shimbun_hai,R11,0,,方向なし,中立,一度上位評価・名指しした馬の格下げは発生していない / as_of=良(予想時想定85%) / V4判定=fired=0（該当場面なし）
2026_kobe_shimbun_hai,R12,1,1,的中,中立,"三連単の1着列は◎1ロブチェンと○4アルトラムスの両置き。8点すべてが1-4-x または 4-1-x で頭1点固定はしていない / as_of=良(予想時想定85%) / V4判定=三連単1着列{1,4}のうち①が1着。的中した1-4-8は◎頭の側で、○④の頭側4点は損益を動かしていない"
2026_kobe_shimbun_hai,R13,0,,方向なし,中立,G1限定の条文。本レースはG2につき対象外。なお1番人気#1ロブチェンは◎で紐からも外していない / as_of=良(予想時想定85%) / V4判定=fired=0（該当場面なし）
2026_kobe_shimbun_hai,R14,0,,方向なし,中立,予想確定後の個別馬照会は発生していない / as_of=良(予想時想定85%) / V4判定=fired=0（該当場面なし）
2026_kobe_shimbun_hai,R17,0,,方向なし,中立,振り返り工程の条文 / as_of=良(予想時想定85%) / V4判定=fired=0（該当場面なし）
2026_kobe_shimbun_hai,R18,1,1,方向なし,中立,本ファイルのfired=1の全行に馬名と数値を入れた根拠1行を付けた / as_of=良(予想時想定85%) / V4判定=direction=手続き
2026_kobe_shimbun_hai,R19,1,1,方向なし,中立,暫定ルールも台帳のstatusどおりに適用した。直近レースの結果を理由に適用を緩めた箇所はない / as_of=良(予想時想定85%) / V4判定=direction=手続き
2026_kobe_shimbun_hai,R20,0,,方向なし,中立,本線は中立(両パターン併走)で前残り本線を宣言していないため発火せず。なお○4アルトラムス(機械=追込)を上位に置いた根拠は上がり3位以内3/4と㉗のr>0.70帯【0-3-2-18】21.7%の実測 / as_of=良(予想時想定85%) / V4判定=fired=0（該当場面なし）
2026_kobe_shimbun_hai,R21,1,1,的中,中立,R03は非発火だがR09により◎1ロブチェンの頭固定を外したため、当該馬を三連単の1着列と2着列の両方に含めた(1-4-x と 4-1-x)。三連複でも軸2頭の一方として全4点に含む / as_of=良(予想時想定85%) / V4判定=①を三連単の1着列と2着列の両方に含めた。①は1着で3着内。的中は1着列側で、2着列側の4点は損益を動かしていない
2026_kobe_shimbun_hai,R23,0,,方向なし,中立,荒帯域限定の条文。本レースは荒れ度-1で堅帯域につき非該当 / as_of=良(予想時想定85%) / V4判定=fired=0（該当場面なし）
2026_kobe_shimbun_hai,R24,0,,方向なし,中立,堅帯域の妙味☆採用閾値5に到達した馬が0頭(レース内最高は#10カフジエメンタールの3.4)。妙味閾値到達馬の紐統一は該当場面なし / as_of=良(予想時想定85%) / V4判定=fired=0（該当場面なし）
2026_kobe_shimbun_hai,R25,1,1,空振り,中立,base70未満かつ1年内に重賞4着以内の該当は2頭。#6エムズビギン(base66・芝1800G3で2着)と#10カフジエメンタール(base66・芝1800G3で3着)。両馬とも全走を精査したうえで根拠2走をpredictions.notesの R25精査= に明記した。#11ショウナンハヤナミは若駒S(L)勝ちがあるがbase70で『70未満へ置く』に当たらないため非発火 / as_of=良(予想時想定85%) / V4判定=精査対象の⑥5着・⑩11着でいずれも3着内に絡まず。精査の結果はbase据え置きで印・紐も動いていない
2026_kobe_shimbun_hai,R26,0,,方向なし,中立,2歳戦の条文。本レースは3歳戦 / as_of=良(予想時想定85%) / V4判定=fired=0（該当場面なし）
2026_kobe_shimbun_hai,R28,1,1,的中,中立,堅帯域の指定(三連複軸2頭＋ワイド、三連単は頭◎○×相手絞り、予算比70:30)を維持。実配分は堅実1800円:穴800円=69:31で券種の欠落なし / as_of=良(予想時想定85%) / V4判定=分散先の三連複・三連単・ワイド堅実・ワイド穴の4行すべてが的中。予算は縮小していないため按分の場面自体は生じていない
2026_kobe_shimbun_hai,R29,0,,方向なし,中立,想定馬場が良85%・稍重15%で重・不良のシナリオを持っていないため非該当 / as_of=良(予想時想定85%) / V4判定=fired=0（該当場面なし）
2026_kobe_shimbun_hai,R30,0,,方向なし,中立,気象庁アメダス神戸の9月20日12時〜9月21日01時の10分降水量は全て0.0mm。発走15:45が属する12-18時の降水確率は30%で降水継続中でも高確率でもない。想定馬場は良85%で固定せず稍重15%を副シナリオに残した / as_of=良(予想時想定85%) / V4判定=fired=0（該当場面なし）
2026_kobe_shimbun_hai,R31,1,1,的中,中立,軸=◎1ロブチェン。3着内を外した場合でもワイドの非軸9点(4-7/4-9/4-8/4-11/7-9/7-11/8-11/8-9/9-11)が生存するため全券種同時失効にはならない。最終点上位3頭の比較による軸選定理由をraces.notesの 軸選定= に記録した / as_of=良(予想時想定85%) / V4判定=軸抜け保全のワイド非軸(①を含まない)9点のうち4-8(7800円)が的中。ただし軸①は1着で軸抜けは起きておらず、保全の機能自体は使われていない
2026_kobe_shimbun_hai,R32,1,1,的中,中立,"紐プール{7,11,8,9}は三連複の相手列・三連単の3着列・ワイドの全てに存在し券種間の欠落なし。軸の1と4はワイドにも直積(1-4)を持つ / as_of=良(予想時想定85%) / V4判定=紐プール{7,11,8,9}を全券種で統一。3着⑧は三連複の相手・三連単の3着列・ワイド穴行のすべてに存在し券種間の取りこぼしなし。欠落が無かったため記録の場面は生じていない"
2026_kobe_shimbun_hai,R33,0,,方向なし,中立,直線競走の条文。阪神芝2400外はコーナー4つ / as_of=良(予想時想定85%) / V4判定=fired=0（該当場面なし）
2026_kobe_shimbun_hai,R34,0,,方向なし,中立,base最上位は#1ロブチェン(92)で最終点も1位(110.4)。合成係数・加算層による印圏外への転落は発生していない / as_of=良(予想時想定85%) / V4判定=fired=0（該当場面なし）
2026_kobe_shimbun_hai,R35,0,,方向なし,中立,☆は0頭。堅帯域の妙味☆採用閾値5に到達した馬がなく(最高は#10の3.4)、R<4.0の☆を置く場面が生じていない。なおR≧4.0の馬もレース内に0頭 / as_of=良(予想時想定85%) / V4判定=fired=0（該当場面なし）
2026_kobe_shimbun_hai,R36,1,1,的中,中立,"final上位2頭は#1ロブチェン(110.4)と#4アルトラムス(82.4)。両馬を同時に含む買い目は三連複4点すべて(軸2頭1,4)とワイド1-4に存在する / as_of=良(予想時想定85%) / V4判定=final上位2頭①④が1・2着。直積のワイド1-4(280円)と三連複が的中。三連複は軸2頭で①④を含むため直積の保持は本ルールが無くても成立していた"
2026_kobe_shimbun_hai,R37,1,1,空振り,中立,軸(1と4)を含まない紐同士のペアはワイドの7-9・7-11・8-11・8-9・9-11の5点で2点以上を満たす。人気は7が4番人気・8が11番人気・9が2番人気・11が7番人気で、軸#1(1番人気)±2の同層だけに固めていない / as_of=良(予想時想定85%) / V4判定=軸(①④)を含まない紐同士の5点(7-9・7-11・8-11・8-9・9-11)は3着内ペアを含まない(3着内の非軸は⑧の1頭だけ)
2026_kobe_shimbun_hai,R38,1,1,空振り,中立,当該距離帯(2200〜2600m)未経験は3頭。#2エイシンインアウトは父サトノダイヤモンドのD㉔割引【3-0-1-11】に基づき血統-1、#3ゴーラッキーは父キタサンブラックのD㉔【2-0-3-13】複回値12に基づき血統-1(B節の延長後押しとは逆向きのため二重計上禁止により加算層のみ)、#11ショウナンハヤナミは母父ディープインパクトのD㉔母父買い筆頭【5-10-2-30】に基づき血統+1。適用理由は各馬のpredictions.notesの 血統適用= に記録 / as_of=良(予想時想定85%) / V4判定=対象3頭は②7着(血統-1)・③4着(血統-1)・⑪10着(血統+1)でいずれも3着内に絡まず。±1の加減点で紐プールの境界は動いていない(③は-1が無くても final63.0で8位のまま)
2026_kobe_shimbun_hai,R39,1,1,方向なし,中立,主導権候補は#1ロブチェン・#3ゴーラッキー・#8シートゥサミットの3頭で2頭以上。4項目(内外関係・必逃性・主張実績・先手後の競り込み)をraces.notesの ハナ争い= に記録し、隊列確定型Aと競り合い型Bを並列化した。判断材料が必逃性・主張実績とも割れるため本線は一方に寄せず中立のまま両方に耐える印と買い目にした / as_of=良(予想時想定85%) / V4判定=direction=手続き。並列化した隊列確定型Aが実際の隊列(③1-1-2-2で先手・⑧が3角で先頭)と一致
2026_kobe_shimbun_hai,R40,1,1,的中,中立,✕は#6エムズビギンの1頭。predictions.notesに 消し根拠=条件不適合 を記録した。最終点の点差および『2400mが未経験であること』は消し根拠にしていない(本馬は2400mを1走済み) / as_of=良(予想時想定85%) / V4判定=✕⑥エムズビギンは5着(3着⑧とは0.0秒差のハナ・クビ差)で3着内外。根拠を記録した消しの向きは正しかった
2026_kobe_shimbun_hai,R41,0,,方向なし,中立,ハンデ戦の条文。本レースは3歳馬齢戦で牝馬の出走がなく全頭57.0kg。52.0〜53.0kg帯の該当馬なし / as_of=良(予想時想定85%) / V4判定=fired=0（該当場面なし）
2026_kobe_shimbun_hai,R42,1,1,的中,効いた,"軸∪紐プールは{1,4,7,8,9,11}の6頭で15ペア。うち14ペアをワイドに採用した。欠落は7-8の1ペアのみでraces.notesの 欠落理由= にペア単位で記録(一括記録はしていない) / as_of=良(予想時想定85%) / V4判定=軸∪紐プール15ペア中14ペアをワイドに採用した結果、3着内ペア3組のうち1-4・1-8・4-8の3組すべてを保持し計10260円。とくに4-8(7800円)と1-8(2180円)は穴側ワイド行にだけあるペアで、ペア単位の列挙がなければ堅実行6点(1-4/1-7/1-9/4-7/4-9/7-9)に⑧は含まれていなかった"
2026_kobe_shimbun_hai,R43,1,1,空振り,中立,#6エムズビギンの消し根拠はR43(2)の『当該馬自身のn≧3の実績』を満たす。1800mG3 2着・2200mG2 7着・2400mG1 14着の3走で着順と上がり順位がともに単調悪化。実測の所在(base_breakdownの5走距離帯タグとプロファイル§1)とn=3をnotesに併記した / as_of=良(予想時想定85%) / V4判定=✕⑥の消し根拠は(2)自己実績n=3を満たし✕を維持。⑥は5着で3着内外だが、保全に回した馬は無く従っても従わなくても結果は同じ
2026_kobe_shimbun_hai,R44,1,1,的中,中立,4角1番手(r=0.00)が1回以上ある馬は#1ロブチェン(1/5)・#3ゴーラッキー(2/5)・#8シートゥサミット(2/5)の3頭で、単独ハナ0/5の#8も含めてR39の主導権候補に入れ展開2パターンを並列化した。種別の異なる走を含む#2エイシンインアウトと#5カムアップローゼスは除外後のr_medでも区分が変わらないためペーススコアと隊列は元の区分を使用 / as_of=良(予想時想定85%) / V4判定=主導権候補に含めた無印⑧シートゥサミット(単独ハナ0/5)が10-8-1-1で3角から先頭に立ち3着。⑧が前に行くシナリオを持つ向きは正しかった。紐採用は final5位(適性1.20)由来で本ルールが紐を動かしたわけではない
2026_kobe_shimbun_hai,R45,1,1,的中,中立,"本線(s_mid)がAまたはBで紐プール外の馬は0頭(#2#3#5#6#10はいずれもs_mid=C)。紐プールに採用したが本線がC/Dの馬も0頭(#1=A、#4#7#8#9#11=B)。工程5→工程11の接続に食い違いなし / as_of=良(予想時想定85%) / V4判定=本線s_midがA/Bの6頭{1,4,7,8,9,11}を紐プールと一致させ、3着内①④⑧はすべてs_mid=A/Bかつ紐プール内。s_mid=Cの5頭(2,3,5,6,10)は4・5・7・9・11着で3着内なし"
